loc_id,name,latitude,longitude
loc_116948,,49.0000000,6.0000000
loc_129891,,56.0000000,10.0000000
loc_130004,,61.0000000,8.0000000
loc_19330,&#39;s-Graveland,52.1999550,5.1352680
loc_639,-12.0930840,-77.0464910
loc_3440,-15.7799990,-47.9099990
loc_137212,-16.1091670,-47.9316670
loc_95445,-23.9676260,-48.9009935
loc_73691,-25.6684977,27.2423725
loc_138771,-26.1788030,-50.3952950
loc_27688,-27.4570100,-58.9872510
loc_26067,-27.4675800,153.0278920
loc_79779,-28.4630242,-65.7687754
loc_6505,-3.1223050,-60.0146220
loc_147794,-34.4249878,-58.5799606
loc_49698,-34.7784119,-58.2097473
loc_168,-37.8100010,144.9600060
loc_49002,-8.0789900,111.9064000
loc_26730,-8.2813940,-35.9734570
loc_54009,14.4208374,120.9704234
loc_6422,21.0300000,105.8399960
loc_56856,24.7819203,112.3799962
loc_5477,25.2700000,55.3300010
loc_607,25.6700000,-100.3199990
loc_45712,25.8297220,-80.2238890
loc_5251,28.6697220,-81.2083330
loc_13067,30.0647420,31.2495090
loc_132078,32.4711110,34.9675000
loc_19628,36.4613890,-77.6544440
loc_58755,37.4489000,127.1286000
loc_135590,38.0333333,138.2500000
loc_2999,38.1156810,13.3611590
loc_3071,38.3605560,-75.5997220
loc_697,38.4300000,27.1499990
loc_807,38.9805560,-76.9372220
loc_148940,39.3950000,-86.5627780
loc_10364,40.8699980,-8.6199990
loc_2573,40.9649720,-5.6630470
loc_4577,41.2028370,14.1479730
loc_6227,41.6716670,-72.9497220
loc_13405,42.1368380,13.6239830
loc_12905,43.3199990,76.9199980
loc_556,45.0800010,7.6799990
loc_5051,45.4077370,11.8771940
loc_2758,47.0099980,6.9200000
loc_3645,48.1117370,-1.6802300
loc_17023,48.7099990,44.4799990
loc_13493,48.9174310,11.4079840
loc_9448,49.0244680,-122.8015830
loc_27712,49.3760490,2.4134920
loc_89884,5.7000000,7.4166670
loc_27864,50.1831290,19.4516030
loc_522,50.7326330,7.0964350
loc_36519,53.1500000,-4.2666667
loc_32,54.3833333,-5.4666667
loc_2852,54.7099990,20.5000000
loc_1673,58.5887910,16.1834700
loc_10376,7.1133100,-73.1204680
loc_4139,A Coruña,43.3715240,-8.3959510
loc_3646,Aachen,50.7221060,6.1972650
loc_1341,Aalborg,57.0299980,9.9300000
loc_3501,Aalst,50.9442590,4.0394520
loc_122548,Aamchit,34.1489045,35.6379896
loc_26413,Aarau,47.3928470,8.0437380
loc_45220,Aarhus,56.1581350,10.2120020
loc_20479,Aarschot,50.9955110,4.8554880
loc_4383,Abakaliki,6.3299990,8.1099990
loc_118236,Abalak,15.4500000,6.2833333
loc_129424,Abbaye Notre-Dame de Tamié,45.6870130,6.3043390
loc_49361,Abbeville,50.1097209,1.8277980
loc_23467,Abbots Langley,51.7000000,-0.4166667
loc_30739,Abbott,31.8846050,-97.0738280
loc_64239,Abeokuta,7.1561368,3.3489671
loc_16388,Aberdeen,39.5094440,-76.1644440
loc_719,Aberdeen,46.9755560,-123.8144440
loc_81373,Aberdeen,33.8251139,-88.5436553
loc_977,Aberdeen,57.1333333,-2.1000000
loc_24723,Abergele,53.2833333,-3.5833333
loc_17035,Abertawe,51.6333333,-3.9666667
loc_2058,Aberystwyth,52.4166667,-4.0666667
loc_61253,Abidjan,5.3363180,-4.0277510
loc_8074,Abidjan,5.3299990,-4.0300000
loc_1451,Abilene,32.4486110,-99.7327780
loc_22987,Abingdon,36.7082700,-81.9817500
loc_302,Abingdon,51.6666667,-1.2833333
loc_3877,Abington,40.1205560,-75.1183330
loc_23551,Ablon-sur-Seine,48.7216360,2.4183510
loc_148222,Aboisso,5.4666670,-3.2000000
loc_62936,Abomey,7.1836160,1.9889920
loc_6435,Accra,5.5599990,-0.2000000
loc_997,Accrington,53.7666667,-2.3500000
loc_14179,Acton,42.4850000,-71.4333330
loc_2394,Acton,54.3000000,-6.3666667
loc_60117,Adabraka,5.5557170,-0.1963060
loc_84460,Adachi,35.7833330,139.8000000
loc_34404,Adamsville,33.7594960,-84.5054200
loc_1062,Adana,37.0000000,35.3199990
loc_38789,Addis Ababa,9.0115700,38.7593300
loc_53,Adelaide,-34.9185410,138.6130070
loc_15759,Adjud,46.1029590,27.1894700
loc_67421,Adria,45.0125185,12.0354814
loc_88496,Adrogué,-34.8012352,-58.3889046
loc_72566,Adásztevel,47.3042780,17.5405410
loc_138982,Afogados da Ingazeira,-7.7480670,-37.6345710
loc_84513,Agadez,16.9666667,7.9833333
loc_8912,Agadir,30.4200000,-9.6099990
loc_465,Agen,44.2014920,0.6120950
loc_2670,Agoura Hills,34.1363890,-118.7736110
loc_38324,Agra,27.1777190,78.0093000
loc_137176,Agria,39.3333330,23.0333330
loc_55782,Agrinio,38.6286330,21.4123170
loc_6680,Aguadilla,18.4294440,-67.1544440
loc_129317,Aguililla,18.7377000,-102.7900000
loc_43691,Ahmedabad,23.0395740,72.5660200
loc_136,Aiken,33.5602780,-81.7197220
loc_134811,Airaines,49.9658000,1.9442000
loc_97101,Aire-sur-la-Lys,46.9492810,5.7916050
loc_151631,Ait Baha,30.0700000,-9.1550000
loc_62663,Aix en Provence,43.5365785,5.3941179
loc_1111,Aix-en-Provence,43.5249080,5.4541440
loc_15028,Aix-les-Bains,45.6894980,5.9156540
loc_14923,Ajaccio,41.9186470,8.7368790
loc_1168,Ajax,43.8549110,-79.0300380
loc_62211,Ajido,6.4166600,3.0166670
loc_121641,Ajigasawa,40.7744444,140.2030556
loc_146571,Akfadou,36.6333330,4.6000000
loc_13936,Akita,39.7166667,140.1166667
loc_317,Akron,41.0813890,-81.5191670
loc_132474,Akropong,5.9741670,-0.0880560
loc_78450,Akulivik,60.8176810,-78.1442409
loc_150443,Al-Kafrun,34.8622220,36.2355560
loc_19826,Alacant,38.3552040,-0.5157870
loc_38929,Alavus,62.5883490,23.6178390
loc_18258,Alba,32.7927780,-95.6341670
loc_2725,Albacete,38.7215620,-1.8992940
loc_1448,Albany,31.5783330,-84.1558330
loc_14663,Albany,37.8869440,-122.2966670
loc_2875,Albany,42.6525000,-73.7566670
loc_94338,Albert,50.0013570,2.6516040
loc_6562,Albert Lea,43.6480560,-93.3680560
loc_17116,Albi,43.9274230,2.1482550
loc_258,Albuquerque,35.0844440,-106.6505560
loc_143463,Alcoi-Alcoy,38.6983330,-0.4736110
loc_127253,Aldrans,47.2500000,11.4300000
loc_12372,Alençon,48.4306530,0.0836220
loc_7883,Aleppo,36.2299990,37.1699980
loc_3525,Alessandria,44.8350640,8.6611540
loc_50490,Alexandra,-26.1099190,28.0832210
loc_148894,Alexandria,18.2983330,-77.3575000
loc_4291,Alexandria,38.8047220,-77.0472220
loc_499,Alexandria,31.2199990,29.9500000
loc_12426,Algeciras,36.1299420,-5.4450380
loc_28132,Alger,36.7396500,3.0509740
loc_26831,Alghero,40.5579810,8.3222030
loc_58348,Algiers,36.7528870,3.0420480
loc_838,Algiers,29.9444440,-90.0466670
loc_2680,Alhambra,34.0952780,-118.1261110
loc_46798,Aliança,-7.6057870,-35.2369150
loc_125342,Alice,-32.7833330,26.8333330
loc_1325,Aliso Viejo,33.6083330,-117.7444440
loc_4133,Alkmaar,52.6302110,4.7553420
loc_12535,Allahabad,25.4429700,81.8284070
loc_15202,Allendale,42.9722220,-85.9536110
loc_1397,Allentown,40.6083330,-75.4666670
loc_4070,Alliance,40.9152780,-81.1061110
loc_4576,Alma,48.5711390,-71.6667920
loc_9941,Almelo,52.3557590,6.6630580
loc_7357,Almería,36.8397630,-2.4679110
loc_143466,Almirante Sur,18.3759730,-66.3821710
loc_83114,Almussafes,39.2933288,-0.4107316
loc_5213,Alpharetta,34.0752780,-84.2941670
loc_41593,Alpine,32.8469730,-116.7605510
loc_139963,Alsdorf,32.4049390,-96.5359860
loc_124910,Altamira,19.6666670,-70.8333330
loc_11708,Altamonte Springs,28.6608330,-81.3658330
loc_4674,Altdorf,49.3858490,11.3584300
loc_51100,Altdöbern,51.6514374,14.0347959
loc_38341,Altenmarkt,48.0025670,12.5359620
loc_58771,Altkirch,47.6232875,7.2390595
loc_57111,Alto Garças,-16.9403058,-53.5204706
loc_419,Alton,38.8905560,-90.1841670
loc_8403,Alton,52.9666667,-1.8833333
loc_4056,Altus,34.6380560,-99.3336110
loc_33383,Alwar,27.5618000,76.6087420
loc_16781,Alès,44.1273970,4.0790270
loc_57385,Am Timan,11.0424000,20.2847000
loc_3382,Amadora,38.7500000,-9.2399990
loc_17589,Amagasaki,34.7166667,135.4166667
loc_128364,Amakusa,32.4666670,130.2000000
loc_137509,Amares,41.6333330,-8.3500000
loc_742,Amarillo,35.2219440,-101.8308330
loc_35368,Amboahangibe,-13.7166670,48.6000000
loc_9137,Amersfoort,52.1566510,5.3884380
loc_7626,Amersham,51.6666667,-0.6166667
loc_3586,Ames,42.0347220,-93.6197220
loc_10308,Amherst,45.8263330,-64.2075140
loc_1259,Amherst,42.3736110,-72.5208330
loc_149,Amiens,49.8939180,2.2942430
loc_15139,Amiens,49.8939180,2.2942440
loc_2645,Amilly,47.9744330,2.7678010
loc_817,Amityville,40.6788890,-73.4175000
loc_8821,Amman,31.9500000,35.9300000
loc_59656,Ammochostos,35.1058010,33.9503780
loc_26859,Amorebieta-Etxano,43.2204960,-2.7332360
loc_4292,Amos,48.5844280,-78.1030210
loc_150002,Ampanefena,-13.8605560,49.9469440
loc_50131,Amqui,48.4645170,-67.4313570
loc_22586,Amsterdam,52.3547280,4.9040540
loc_620,Amsterdam,52.3706320,4.8880220
loc_7570,Amsterdam,42.9386110,-74.1886110
loc_123660,An Rinn,52.0500000,-7.5833000
loc_57,Anacortes,48.5127780,-122.6113890
loc_1240,Anaheim,33.8352780,-117.9136110
loc_1336,Anchorage,61.2183330,-149.8916670
loc_3099,Anchorage,38.2666670,-85.5330560
loc_4262,Ancona,43.4802120,13.2037080
loc_20787,Andenne,50.4894380,5.0628420
loc_28854,Anderlecht,50.8275040,4.2765000
loc_4637,Andernach,50.4391950,7.4061540
loc_1345,Anderson,40.1052780,-85.6802780
loc_139823,Anderstorp,57.2819780,13.6274650
loc_71484,Andoain,43.2204799,-2.0211221
loc_116232,Andong,36.5683543,128.7293570
loc_139,Andorra la Vella,42.5099980,1.5099990
loc_1096,Andover,51.2000000,-1.4833333
loc_24807,Anduze,44.0550690,3.9851420
loc_137015,Angeles City,15.1471810,120.5847330
loc_124280,Angered,57.8000000,12.0333330
loc_4650,Angers,47.4694290,-0.5490000
loc_937,Angleton,29.1691670,-95.4316670
loc_7208,Angoulême,45.6483390,0.1609240
loc_143641,Angourie,-29.4794440,153.3591670
loc_53510,Anisimovo,54.0230556,83.6177778
loc_8590,Ankara,39.9293290,32.8532710
loc_115,Ann Arbor,42.2833330,-83.7458330
loc_35890,Annaba,36.9007000,7.7571000
loc_16930,Annandale-on-Hudson,41.9952780,-73.8311110
loc_4272,Annapolis,38.9783330,-76.4925000
loc_865,Annecy,45.9094510,6.1354590
loc_35384,Annemasse,46.1941810,6.2389700
loc_1312,Anniston,33.6597220,-85.8316670
loc_45702,Annotto Bay,18.2703510,-76.7704410
loc_114276,Ano Syros,37.4827780,24.9352780
loc_114310,Anogeia Rethymnou,35.2896605,24.8844831
loc_117519,Anseong,37.0079695,127.2796786
loc_25206,Anstruther,56.2166667,-2.7000000
loc_4665,Antananarivo,-18.8899990,47.5099980
loc_84804,Antelias,33.8894700,35.5739932
loc_1144,Antibes,43.5807230,7.1208720
loc_17221,Antony,48.7536640,2.2971120
loc_47550,Antsirabe,-17.1758310,44.9814000
loc_2531,Antwerpen,51.2073520,4.4260540
loc_3816,Apeldoorn,52.2141300,5.9606000
loc_87205,Apodaca,25.7710603,-100.2627547
loc_119942,Appenzell,47.3308044,9.4087063
loc_29185,Arab,34.3308710,-86.5032900
loc_9011,Aracaju,-10.9106000,-37.0598980
loc_119809,Aracati,-4.5627335,-37.7690903
loc_63335,Arakawa,37.8833333,139.3166667
loc_48811,Araraquara,-21.7946127,-48.1765932
loc_48606,Arboga,59.3937725,15.8384786
loc_6102,Arbroath,56.5500000,-2.5833333
loc_1729,Arcata,40.8666670,-124.0816670
loc_44338,Archibald,32.3488520,-91.7773410
loc_145682,Arcola,44.1145530,9.9058640
loc_73236,Arcozelo,41.1358915,-8.6331883
loc_29701,Arcueil,48.8070000,2.3359250
loc_120258,Ardee,53.8576227,-6.5400009
loc_20272,Arendonk,51.2682610,5.0846450
loc_6999,Arequipa,-16.3975390,-71.5227430
loc_18979,Arezzo,43.4712010,11.8630620
loc_152140,Argelès-Gazost,43.0162000,-0.1003000
loc_10397,Argenteuil,48.9416310,2.2470590
loc_93906,Arica,-18.4770440,-70.3145330
loc_19625,Arima,10.6400000,-61.2799980
loc_137134,Ariton,31.5980560,-85.7186110
loc_63041,Arkhangelsk,64.5369264,40.5655707
loc_15006,Arles,43.6766500,4.6278040
loc_509,Arleux,50.2799940,3.1035220
loc_1371,Arlington,38.8708330,-77.1013890
loc_1372,Arlington,32.7355560,-97.1077780
loc_1305,Arlington Heights,42.0883330,-87.9805560
loc_103078,Arlöv,55.6333330,13.0666670
loc_129616,Armenia,13.7426873,-89.5092951
loc_25453,Armentières,50.6876560,2.8812840
loc_30718,Arnac-Pompadour,45.3974520,1.3844760
loc_6427,Arnhem,51.9884110,5.9229380
loc_16863,Arques,50.7350210,2.3120350
loc_70810,Arques-la-Bataille,49.8836402,1.1269206
loc_116280,Arradon,47.6276660,-2.8228170
loc_10532,Arras,50.2928750,2.7824990
loc_3122,Arvika,59.6699980,12.5900000
loc_139723,As Suwayda&#39;,32.7125000,36.5666670
loc_31533,Asahikawa,43.7677778,142.3702778
loc_2519,Asbury Park,40.2202780,-74.0125000
loc_23701,Aschaffenburg,49.9730000,9.1489770
loc_15435,Ascot,51.4000000,-0.6666667
loc_139853,Asea,37.4166670,22.2666670
loc_2159,Ashby de la Zouch,52.7500000,-1.4666667
loc_154,Asheville,35.6008330,-82.5541670
loc_11044,Ashford,51.1333333,0.8833333
loc_66788,Ashikaga,36.3333333,139.4500000
loc_31398,Ashiya,34.7333333,135.3166667
loc_3606,Ashland,37.4083330,-81.3527780
loc_4275,Ashland,38.4783330,-82.6380560
loc_5002,Ashland,42.1947220,-122.7083330
loc_114974,Ashridge,51.8040000,-0.5780000
loc_3056,Ashtabula,41.8650000,-80.7900000
loc_37334,Ashtead,51.3000000,-0.3000000
loc_22243,Ashton,39.1491670,-77.0127780
loc_16125,Asnières-sur-Seine,48.9181750,2.2835460
loc_23567,Asolo,45.7932960,11.9128330
loc_26838,Assisi,43.0701670,12.6175180
loc_49233,Astana,51.1796000,71.4475000
loc_8724,Asten,51.4042740,5.7475410
loc_4206,Asti,44.8262530,8.1984840
loc_8692,Asunción,-25.3004940,-57.6362310
loc_30021,Atami,35.0894444,139.0686111
loc_2744,Atascadero,35.4894440,-120.6697220
loc_220,Athens,37.9799990,23.7299990
loc_229,Athens,34.8027780,-86.9716670
loc_3910,Athens,39.3291670,-82.1013890
loc_704,Athens,33.9608330,-83.3780560
loc_2943,Atherton,37.4613890,-122.1966670
loc_55,Atlanta,33.7488890,-84.3880560
loc_4037,Atlantic City,39.3641670,-74.4233330
loc_12571,Atsugi,35.4388889,139.3597222
loc_10865,Attard,35.8899990,14.4499990
loc_1465,Attleboro,41.9444440,-71.2861110
loc_126117,Atzenbrugg,48.2911960,15.9057620
loc_140967,Atzmon,32.8661250,35.2521755
loc_12042,Au,-25.2852640,133.8231170
loc_9813,Aubagne,43.2932530,5.5702820
loc_97039,Aubergenville,48.9591319,1.8558910
loc_13523,Aubervilliers,48.9148230,2.3812070
loc_1327,Auburn,47.3075000,-122.2272220
loc_1724,Auburn,42.9316670,-76.5663890
loc_6238,Auburn,44.0977780,-70.2316670
loc_918,Auburn,32.6097220,-85.4808330
loc_151520,Aubusson,45.9578000,2.1684000
loc_97310,Auby,48.1563418,4.3732462
loc_38878,Auchsesheim,48.7194500,10.7768740
loc_38,Auckland,-36.8499980,174.7599940
loc_5164,Auckland,-36.9041480,174.7604980
loc_119095,Auderghem,50.8171750,4.4250820
loc_124386,Audignicourt,49.4791670,3.1338890
loc_14355,Audubon,39.8908330,-75.0733330
loc_20357,Augsburg,48.3620790,10.9008270
loc_43178,Augusta,37.6931230,-96.9714210
loc_810,Augusta,33.4727780,-81.9644440
loc_20833,Aulnay-sous-Bois,48.9212120,2.4959830
loc_57582,Auray,47.6662775,-2.9824794
loc_17034,Aurillac,44.9287990,2.4438540
loc_6323,Aurora,39.7294440,-104.8313890
loc_80130,Aurora,36.9708910,-93.7179790
loc_381,Austin,30.2669440,-97.7427780
loc_7533,Austin,43.6666670,-92.9744440
loc_32168,Autlán,19.7840310,-104.3666990
loc_28257,Auvers-sur-Oise,49.0711950,2.1771650
loc_27143,Auxerre,47.7982900,3.5744040
loc_94541,Avallon,47.4882200,3.9077220
loc_2568,Aveiro,40.6500010,-8.6599990
loc_12670,Avellaneda,-36.9726980,-60.2523380
loc_42767,Avesta,60.1454450,16.1678400
loc_1537,Avignon,43.9486130,4.8059670
loc_3961,Avilés,43.5558690,-5.9276340
loc_24339,Avià,42.0775340,1.8253030
loc_1710,Avranches,48.6837610,-1.3551020
loc_21425,Ayacucho,-13.1725300,-74.2210460
loc_2329,Aylesbury,51.8166667,-0.8000000
loc_23276,Aylmer,45.3949600,-75.8448800
loc_57525,Aytos,42.7030193,27.2546865
loc_72654,Azcapotzalco,19.4827440,-99.1837280
loc_124453,Añasco,18.3161110,-67.1397220
loc_129381,Aşkale,39.9211110,40.6947220
loc_138566,Baabda,33.8333330,35.5333330
loc_15657,Baar,47.1979470,8.5386140
loc_76516,Bab El Oued,36.7643330,3.0242730
loc_94476,Bab Ezzouar,36.7166670,3.1833330
loc_25737,Babenhausen,48.1444370,10.2576630
loc_873,Babylon,40.6955560,-73.3261110
loc_21246,Bacabal,-4.2352190,-44.7893910
loc_41210,Backnang,48.9454710,9.4301420
loc_75401,Bacău,46.5712890,26.9251710
loc_116995,Bad Neuenahr-Ahrweiler,50.5418150,7.1197177
loc_52371,Bad Oeynhausen,52.2078448,8.8040292
loc_29966,Bad Salzungen,50.8118860,10.2322930
loc_26493,Bad Tölz,47.7617030,11.5645660
loc_87660,Bad Wildungen,51.1196693,9.1244683
loc_2848,Badajoz,38.6959490,-5.9925970
loc_48933,Baden bei Wien,48.0061310,16.2323770
loc_4721,Baden-Baden,48.7598000,8.2397930
loc_3915,Badin,35.4058330,-80.1169440
loc_80291,Bafoussam,5.4856580,10.4129900
loc_542,Baghdad,33.3300010,44.4399980
loc_32935,Bagnara Calabra,38.2884880,15.8081820
loc_20430,Bagnols-sur-Cèze,44.1548790,4.6164200
loc_28647,Bagnères-de-Bigorre,43.0651350,0.1501210
loc_128355,Bagnères-de-Luchon,42.7908330,0.5938890
loc_102448,Baidoa,3.1166667,43.6500000
loc_123581,Bailly,49.4964000,2.9706000
loc_3824,Bainbridge Island,47.6430560,-122.5408330
loc_84357,Bakau,13.4784800,-16.6755200
loc_90,Bakersfield,35.3733330,-119.0177780
loc_132942,Bakhmut,48.5913890,38.0805560
loc_3424,Baku,40.3899990,49.8600000
loc_67032,Baku,40.4166568,49.8236992
loc_56879,Balashov,51.5374489,43.1528701
loc_1805,Baldwin,40.6563890,-73.6097220
loc_2174,Balham,51.4500000,-0.1333333
loc_62746,Ballaghadereen,53.9000850,-8.5814437
loc_3504,Ballarat,-37.5612110,143.8442990
loc_98698,Ballenstedt,51.7203214,11.2383073
loc_134066,Ballyhaise,54.0500000,-7.3166670
loc_969,Ballyshannon,54.5099980,-8.2100000
loc_87,Baltimore,39.2902780,-76.6125000
loc_61531,Bamako,12.6529500,-7.9864820
loc_113752,Bamban,15.2740800,120.5663990
loc_20744,Bamberg,49.8942180,10.8855270
loc_138754,Banban,-15.5180950,167.2311460
loc_137,Banbury,52.0500000,-1.3333333
loc_41253,Bandjoun,5.3500000,10.4000000
loc_85015,Bandundu,-3.3152340,17.3855990
loc_5624,Bandung,-6.9124300,107.6069030
loc_31446,Banes,20.9666670,-75.7166670
loc_6066,Bangalore,12.9747500,77.5877300
loc_6868,Bangkok,13.7307800,100.5210040
loc_695,Bangkok,13.7299990,100.5000000
loc_2057,Bangor,54.6500000,-5.7000000
loc_24881,Banja Luka,44.7665600,17.1904750
loc_22727,Banjul,13.4495490,-16.5884650
loc_130098,Banyuls-sur-Mer,42.4601955,3.1014855
loc_34840,Baojhong,23.7151950,120.3109300
loc_146618,Baranavičy,53.1348672,26.0159771
loc_49869,Barbacoas,9.4833330,-66.9666670
loc_43028,Barberton,41.0121440,-81.6064830
loc_64,Barcelona,41.3879170,2.1699190
loc_125862,Bardos,43.4754080,-1.2033280
loc_4518,Bari,41.0250860,16.6348300
loc_142695,Barking and Dagenham,51.5500000,0.1166670
loc_22506,Barletta,41.3192770,16.2839900
loc_42583,Barnaul,53.3563380,83.7616500
loc_1876,Barnet,51.6500000,-0.2000000
loc_1957,Barnsley,53.5500000,-1.4833333
loc_378,Barnwell,33.2447220,-81.3588890
loc_49302,Baroda,22.3065490,73.1875760
loc_9623,Barquisimeto,10.0644000,-69.3347590
loc_123802,Barra,-11.0923610,-43.1449410
loc_18673,Barra do Piraí,-22.4729100,-43.8232000
loc_19181,Barran,43.6172140,0.4732700
loc_139684,Barranco,16.0008740,-88.9184140
loc_9723,Barranquilla,10.9749560,-74.7925310
loc_134158,Barrett Station,29.8719440,-95.0619440
loc_139407,Barretville,35.3734690,-89.7638230
loc_196,Barrington,41.7405560,-71.3091670
loc_22252,Barrow,71.2905560,-156.7886110
loc_5408,Barrow-in-Furness,54.1166667,-3.2333333
loc_2075,Barry,51.4066667,-3.2694444
loc_1373,Barstow,34.8986110,-117.0219440
loc_129685,Barton Seagrave,52.3792000,-0.6939000
loc_129403,Barton-on-Sea,50.7428000,-1.6552000
loc_4801,Basel,47.5603560,7.5835020
loc_656,Basildon,51.5666667,0.4666667
loc_971,Basingstoke,51.2666667,-1.0833333
loc_3026,Basking Ridge,40.7061110,-74.5497220
loc_10904,Bassano del Grappa,45.7666120,11.7339680
loc_12695,Basseterre,17.3099990,-62.7299990
loc_1860,Bastia,42.7021370,9.4507470
loc_10094,Bat Yam,32.0200000,34.7500000
loc_1023,Bath,51.3794444,-2.3655556
loc_16816,Bathurst,47.6231040,-65.6551690
loc_99,Batley,53.7000000,-1.6166667
loc_14137,Batna,35.5571520,6.1722920
loc_3047,Baton Rouge,30.4505560,-91.1544440
loc_126460,Battersea,51.4637510,-0.1677630
loc_894,Battle,50.9166667,0.5000000
loc_3243,Battle Creek,42.3211110,-85.1797220
loc_116032,Batumi,41.6386111,41.6372222
loc_184,Bay City,43.5944440,-83.8888890
loc_1561,Bay Shore,40.7250000,-73.2458330
loc_26041,Bay Village,41.4854300,-81.9208600
loc_3043,Bayamo,20.3812200,-76.6415410
loc_41260,Bayamón,18.3815970,-66.1616760
loc_902,Bayamón,18.4000000,-66.1583330
loc_79745,Bayburt,40.2551690,40.2248800
loc_67979,Bayeux,49.2764475,-0.7055291
loc_11520,Bayonne,43.4934420,-1.4745360
loc_2924,Bayonne,40.6686110,-74.1147220
loc_4660,Bayonne,43.4934420,-1.4745360
loc_13104,Bayreuth,49.9415990,11.5711460
loc_4850,Bayreuth,49.9415990,11.5711460
loc_2617,Baytown,29.7352780,-94.9772220
loc_102391,Bačka Topola,45.8157972,19.6391333
loc_21042,BB,52.4595090,13.0172010
loc_12040,Be,50.7258930,4.5974550
loc_123679,Be&#39;er Ya&#39;akov,31.9425390,34.8337500
loc_8577,Beaconsfield,51.6000000,-0.6333333
loc_3919,Beardstown,40.0175000,-90.4241670
loc_103671,Bearsden,55.9166667,-4.3500000
loc_100646,Beau Bassin-Rose Hill,-20.2333333,57.4666667
loc_7958,Beaufort,34.7180560,-76.6641670
loc_16580,Beauharnois,45.3095220,-73.8905110
loc_149702,Beaumont,45.7525000,3.0836000
loc_1683,Beaumont,30.0858330,-94.1016670
loc_17562,Beaune,47.0239810,4.8382700
loc_4756,Beaurains,50.2636740,2.7882640
loc_23539,Beauvais,49.4292900,2.0810680
loc_4303,Beaver Falls,40.7519440,-80.3194440
loc_906,Beckenham,51.3833333,-0.0333333
loc_1652,Bedford,41.2041670,-73.6441670
loc_1809,Bedford,52.1333333,-0.4500000
loc_66348,Bedford,45.0900327,-72.9829354
loc_38114,Beersheba,31.2503000,34.7980000
loc_41547,Beeston,53.7666667,-1.5666667
loc_65167,Bega,-36.6742620,149.8432400
loc_2446,Beijing,39.9288889,116.3883333
loc_3613,Beirut,33.8871890,35.5134040
loc_3904,Beja,38.0200000,-7.8600000
loc_2897,Bela Vista,-22.1101890,-56.5313110
loc_987,Belfast,54.5833333,-5.9333333
loc_4715,Belford Roxo,-22.7625000,-43.3897220
loc_1532,Belfort,47.6404010,6.8603560
loc_3903,Belhaven,35.5400000,-76.6233330
loc_20934,Bellefonte,40.9133330,-77.7786110
loc_28090,Belleville,40.7873200,-74.1528400
loc_290,Belleville,38.5200000,-89.9838890
loc_3264,Belleville,44.2073770,-77.3795090
loc_722,Bellevue,47.6105560,-122.1994440
loc_801,Bellingham,48.7597220,-122.4869440
loc_25974,Bellinzona,46.1932850,9.0180190
loc_1862,Bellshill,55.8166667,-4.0166667
loc_17524,Belluno,46.1399640,12.2175910
loc_140,Belo Horizonte,-19.8918340,-43.9479580
loc_20669,Belo Jardim,-8.3320780,-36.4206700
loc_3273,Belzoni,33.1841670,-90.4891670
loc_12246,Belém,-1.4393550,-48.4976880
loc_137544,Belén,9.9883330,-67.6861110
loc_844,Bemidji,47.4736110,-94.8800000
loc_69250,Benejússer,38.0783908,-0.8384452
loc_83821,Bengbu,32.9408333,117.3608333
loc_7476,Benghazi,32.1199980,20.0699990
loc_139064,Beni Yenni,36.5830350,4.1953760
loc_3516,Benicia,38.0494440,-122.1575000
loc_7686,Benin City,6.3390800,5.6264820
loc_4818,Bennington,42.8780560,-73.1972220
loc_1749,Benoit,33.6513890,-91.0094440
loc_3728,Benouville,49.2404180,-0.2839010
loc_31610,Bensheim,49.6782830,8.6028860
loc_25896,Bentar,2.2003300,102.2553020
loc_3124,Bentleyville,40.1166670,-80.0086110
loc_1050,Benton Harbor,42.1166670,-86.4541670
loc_53908,Beograd,44.8047556,20.4781010
loc_112406,Berchidda,40.7868110,9.1674150
loc_1700,Berea,37.5686110,-84.2963890
loc_144400,Berekua,15.2388890,-61.3138890
loc_12334,Bergamo,43.0511880,25.1537390
loc_149425,Bergen,60.3894440,5.3300000
loc_2795,Bergen,60.3437310,5.3459750
loc_291,Bergen,60.3800010,5.3400000
loc_5981,Bergen op Zoom,51.4959140,4.2925600
loc_4679,Bergenfield,40.9275000,-73.9977780
loc_16161,Bergerac,44.8532740,0.4829500
loc_4406,Bergerac,44.8532740,0.4829500
loc_32220,Bergneustadt,51.0209430,7.6481120
loc_256,Berkeley,37.8716670,-122.2716670
loc_238,Berlin,52.5237810,13.4118950
loc_952,Berlin,52.5357230,13.4509160
loc_2206,Bermondsey,51.5000000,-0.0666667
loc_3605,Bern,42.3397220,-111.3852780
loc_6866,Bern,46.9479930,7.4492630
loc_116569,Bernardino de Campos,-23.0130556,-48.4741667
loc_135087,Bernice,32.8216670,-92.6580560
loc_65536,Berre-les-Alpes,43.8312270,7.3285182
loc_4495,Berwyn,41.8505560,-87.7936110
loc_4246,Besançon,47.2412240,6.0255660
loc_3745,Bessemer,33.4016670,-86.9544440
loc_22646,Bethel,41.6833330,-74.8716670
loc_43224,Bethel,11.1851340,-60.7794060
loc_26447,Bethel Park,40.3325400,-80.0311300
loc_1085,Bethesda,53.1666667,-4.0833333
loc_93,Bethesda,38.9805560,-77.1005560
loc_1101,Bethnal Green,51.5166667,-0.0500000
loc_4388,Beverly,42.5583330,-70.8805560
loc_1842,Beverly Hills,34.0736110,-118.3994440
loc_81478,Bewdley,52.3833333,-2.3166667
loc_87861,Bexhill-on-Sea,50.8500000,0.4830000
loc_15310,Bexley,51.4333333,0.1500000
loc_956,Bexleyheath,51.4500000,0.1500000
loc_65048,Beyrouth,33.8886289,35.4954794
loc_18011,Bi,-3.3879180,29.9203950
loc_16671,Biarritz,43.4822530,-1.5608790
loc_3533,Białystok,53.1399990,23.1599990
loc_67842,Biel/Bienne,47.1432835,7.2487899
loc_4770,Bielefeld,52.0151220,8.5205130
loc_5937,Biella,45.5628370,8.0582700
loc_3629,Bielsko-Biała,49.8199990,19.0499990
loc_2737,Bietigheim-Bissingen,48.9541440,9.1175750
loc_3946,Big Indian,42.1025000,-74.4441670
loc_1817,Big Sandy,32.5836110,-95.1086110
loc_16411,Bihać,44.8199990,15.8699990
loc_4000,Bilbao,43.2670610,-2.9383510
loc_1988,Billingham,54.6000000,-1.3000000
loc_28599,Billstown,33.9812060,-93.5704590
loc_143172,Bilohirsk,45.0544440,34.6022220
loc_1437,Biloxi,30.3958330,-88.8852780
loc_29910,Binche,50.4123840,4.1663030
loc_20461,Bingen am Rhein,49.9689890,7.8956660
loc_7814,Binghamton,42.0986110,-75.9183330
loc_128397,Biratori,42.5833333,142.1333333
loc_2035,Birkenhead,53.4000000,-3.0333333
loc_107,Birmingham,52.4666667,-1.9166667
loc_708,Birmingham,33.5205560,-86.8025000
loc_139376,Birtley,55.0833333,-2.1833333
loc_16908,Bishkek,42.8700220,74.5878830
loc_2454,Bishop&#39;s Stortford,51.8666667,0.1666667
loc_103693,Bishopbriggs,55.9000000,-4.2333333
loc_34454,Bissau,11.8598000,-15.5875000
loc_71737,Bjelovar,45.8569964,16.8463441
loc_42342,Bjørkåsen,68.3277660,16.7782980
loc_41614,Black Duck Brook,48.6983240,-58.9001640
loc_19421,Black Mountain,35.6177780,-82.3213890
loc_2332,Blackburn,53.7500000,-2.4833333
loc_1055,Blackpool,53.8166667,-3.0500000
loc_117297,Blackrod,53.5833333,-2.5833333
loc_3649,Blacksburg,37.2294440,-80.4141670
loc_2013,Blackwood,51.6677778,-3.2075000
loc_97391,Blanzy,46.6980340,4.3906120
loc_53422,Bletchley,51.9833333,-0.7333333
loc_22499,Blida,36.4804990,2.8339050
loc_8642,Bloemfontein,-29.1183490,26.2249200
loc_10598,Blois,47.5859430,1.3300970
loc_16094,Blois,47.5859430,1.3300970
loc_2489,Bloomfield,40.8066670,-74.1858330
loc_5022,Bloomfield Hills,42.5836110,-83.2455560
loc_1109,Bloomington,39.1652780,-86.5263890
loc_6651,Bloomington,40.4841670,-88.9936110
loc_7540,Bloomington,44.8408330,-93.2980560
loc_1306,Blue Island,41.6572220,-87.6800000
loc_149315,Blue Lick,37.4908330,-84.7075000
loc_3033,Blytheville,35.9272220,-89.9188890
loc_28144,Blönduós,65.6546510,-20.2864660
loc_13941,Bo,-16.2883500,-63.5494290
loc_46384,Boa Esperança,-21.0940720,-45.5745720
loc_5019,Bobigny,48.9064300,2.4404900
loc_58738,Bobo-Dioulasso,11.1781000,-4.2917730
loc_885,Bobo-Dioulasso,11.1800000,-4.2899990
loc_2597,Boca Raton,26.3583330,-80.0833330
loc_508,Bochum,51.4829000,7.2118100
loc_29474,Bogalusa,30.7824650,-89.8650860
loc_6284,Bogotá,4.6098660,-74.0820500
loc_18491,Bois d&#39;Arcy,48.9719320,3.9670270
loc_36707,Bois-Colombes,48.9174560,2.2713110
loc_1317,Boise,43.6136110,-116.2025000
loc_39816,Bolbec,49.5717660,0.4705070
loc_35507,Bolgatanga,10.7841000,-0.8503000
loc_4627,Bologna,44.4337580,11.3228860
loc_1073,Bolton,53.5833333,-2.4333333
loc_10556,Bolzano,46.4969050,11.3583890
loc_149095,Boma,-5.8560000,13.0520000
loc_33482,Bondy,48.9022110,2.4826520
loc_4307,Bonham,33.5772220,-96.1780560
loc_4585,Bonn,50.7034720,7.1165860
loc_3840,Boone,36.2166670,-81.6747220
loc_25170,Boonville,38.9724100,-92.7428700
loc_1148,Bordeaux,44.8373250,-0.5760510
loc_141,Bordeaux,44.8373250,-0.5760510
loc_61205,Bordj el Kiffan,36.7476000,3.1907000
loc_117708,Borgo Val di Taro,44.4864126,9.7901781
loc_36039,Borlänge,60.4856050,15.4363020
loc_25780,Bornholm,55.0298840,14.9920850
loc_134476,Bort-les-Orgues,45.3415000,2.4994000
loc_13383,Borås,57.7299990,12.9399990
loc_58735,Boskoop,52.0747670,4.6587800
loc_8134,Bossier City,32.5158330,-93.7319440
loc_158,Boston,42.3583330,-71.0602780
loc_3092,Bottineau,48.8272220,-100.4452780
loc_919,Boulder,40.0150000,-105.2700000
loc_432,Boulogne-Billancourt,48.8338210,2.2434670
loc_146356,Boulogne-sur-Gesse,43.2906000,0.6456000
loc_17318,Boulogne-sur-Mer,50.7256060,1.6148830
loc_3415,Boulogne-sur-Mer,50.7256060,1.6148830
loc_140348,Boulsa,12.6602660,-0.5701370
loc_146900,Boulzicourt,49.6953000,4.6964000
loc_223,Bourg-en-Bresse,46.2073650,5.2276620
loc_14496,Bourg-la-Reine,48.7793440,2.3152940
loc_10582,Bourges,47.0828920,2.3965790
loc_11956,Bourgoin-Jallieu,45.5859340,5.2768080
loc_150215,Bourj Hammoud,33.8935000,35.5404000
loc_1407,Bournemouth,50.7166667,-1.8833333
loc_2104,Bow,51.5333333,-0.0166667
loc_64558,Bowdon,47.4697217,-99.7078981
loc_733,Bowling Green,36.9902780,-86.4436110
loc_2860,Boxholm,58.1939300,15.0586360
loc_8291,Bozeman,45.6797220,-111.0377780
loc_27,Bradford,53.7833333,-1.7500000
loc_3475,Bradford,41.9558330,-78.6441670
loc_43043,Braine-l&#39;Alleud,50.6825350,4.3701980
loc_1008,Braintree,51.8833333,0.5666667
loc_4098,Brampton,43.6327350,-79.8318160
loc_1733,Brandon,27.9375000,-82.2861110
loc_5953,Brandon,49.8446260,-99.9539930
loc_119988,Brannenburg,47.7424140,12.1040852
loc_3260,Brantford,43.1554220,-80.2642190
loc_9013,Brasília,-15.7921100,-47.8977510
loc_32397,Bratislava,48.1483760,17.1073100
loc_377,Bratislava,48.1599990,17.1299990
loc_18924,Brattleboro,42.8508330,-72.5583330
loc_43921,Braunau am Inn,48.2588440,13.0349400
loc_3411,Braunschweig,52.2720920,10.5285840
loc_16172,Brawley,32.9786110,-115.5294440
loc_108867,Bray,53.2044182,-6.1091852
loc_3821,Brazzaville,-4.2500000,15.2600000
loc_70403,Braşov,45.6527780,25.6119440
loc_1010,Brecon,51.9500000,-3.3833333
loc_3562,Breda,51.5800010,4.7699990
loc_82520,Breisach,48.0281863,7.5827321
loc_146170,Brejo do Cruz,-6.3488890,-37.4977780
loc_6005,Bremen,53.1200020,8.7360960
loc_2864,Bremerton,47.5675000,-122.6313890
loc_47426,Brent,51.5500000,-0.2666667
loc_15540,Brentford,51.5000000,-0.3166667
loc_1331,Brentwood,40.7811110,-73.2466670
loc_429,Brentwood,37.9319440,-121.6947220
loc_707,Brentwood,36.0330560,-86.7827780
loc_13271,Brescia,24.7414200,-78.0800210
loc_4625,Brescia,45.5398740,10.2233110
loc_3841,Bressuire,46.8426750,-0.4911370
loc_4044,Brest,48.3906050,-4.4869010
loc_15248,Bretagne,47.5949270,6.9963030
loc_349,Bridgeport,41.1669440,-73.2052780
loc_23244,Bridgetown,13.0935000,-59.6104990
loc_14734,Bridport,50.7333333,-2.7166667
loc_86500,Brie-Comte-Robert,48.6928318,2.6112237
loc_42,Brighton,50.8283849,-0.1394749
loc_5904,Brighton,42.5294440,-83.7802780
loc_4223,Brindisi,40.6361930,17.6958280
loc_12351,Brinkley,34.8877780,-91.1944440
loc_329,Brisbane,-27.4539110,153.0265050
loc_3112,Bristol,36.5950000,-82.1888890
loc_321,Bristol,51.4500000,-2.5833333
loc_21684,Brive-la-Gaillarde,45.1586110,1.5326340
loc_980,Brixton,51.4666667,-0.1000000
loc_129241,Brno,49.2000000,16.6166670
loc_22777,Brno,49.1971890,16.5940860
loc_82745,Broadford,57.2333333,-5.9166667
loc_2300,Broadheath,53.4000000,-2.3500000
loc_1950,Broadstairs,51.3666667,1.4500000
loc_64513,Broc,46.6032934,7.0990659
loc_3207,Brockton,42.0833330,-71.0188890
loc_4525,Broek op Langedijk,52.6753950,4.8059420
loc_1981,Bromley,51.4000000,0.0500000
loc_138229,Bron,45.7394000,4.9139000
loc_763,Bronx,40.8500000,-73.8666670
loc_23605,Bronxville,40.9360500,-73.8312600
loc_1855,Brookline,42.3316670,-71.1216670
loc_169,Brooklyn,40.6500000,-73.9500000
loc_3290,Brooklyn,44.0541840,-64.6842760
loc_65233,Brooklyn,40.2258781,-90.7631859
loc_24300,Brookston,33.6235700,-95.6995600
loc_681,Brou-sur-Chantereine,48.8829230,2.6293290
loc_4435,Broussard,30.1469440,-91.9611110
loc_46759,Browns Town,18.3894590,-77.3726380
loc_1483,Brownsville,25.9013890,-97.4972220
loc_1773,Brownsville,35.5938890,-89.2622220
loc_59348,Bruges,44.8824130,-0.6122654
loc_76469,Brugg,47.4838050,8.2072550
loc_5797,Brugge,51.2200010,3.2300000
loc_27797,Brunn am Gebirge,48.1069830,16.2839660
loc_11641,Brunswick,43.9144440,-69.9658330
loc_132344,Bruntál,49.9833330,17.4500000
loc_357,Brussel,50.8300010,4.3299990
loc_19256,Brussels,50.8451230,4.3530430
loc_44974,Brussels,50.8370510,4.3676120
loc_449,Bruxelles,50.8370510,4.3676120
loc_33774,Bryansk,53.3106610,34.3003690
loc_386,Bryn Mawr,40.0208330,-75.3166670
loc_49374,Brynamman,51.8000000,-3.8666667
loc_16718,Brynmawr,51.8000000,-3.1833333
loc_48501,Brzeg,50.8608509,17.4668311
loc_881,Brăila,45.2799980,27.9699990
loc_29319,Buchanan,41.8312270,-86.3649530
loc_120590,Bucheon,37.5034138,126.7660309
loc_101813,Bucov,44.9740689,26.0790160
loc_110759,Bucureşti,44.4377110,26.0973669
loc_4156,Bucureşti,44.4304810,26.1229800
loc_63578,București,44.4304810,26.1229800
loc_77221,București,44.4377110,26.0973670
loc_543,Budapest,47.5099980,19.0799990
loc_8877,Budapest,47.4908120,19.0809700
loc_32977,Budaörs,47.4566330,18.9691250
loc_4916,Buena Park,33.8675000,-117.9972220
loc_76006,Buenaventura,3.8866110,-77.0702290
loc_443,Buenos Aires,-34.6100000,-58.3699980
loc_76095,Buenos Aires,-34.6084175,-58.3731613
loc_145,Buffalo,42.8863890,-78.8786110
loc_23766,Buffalo Grove,42.1524500,-87.9672800
loc_104168,Buffalo Prairie,41.3383330,-90.8547220
loc_20515,Bujumbura,-3.3699990,29.3500000
loc_41059,Bukavu,-2.5304000,28.8499000
loc_116467,Bukhara,39.7658690,64.4223480
loc_17484,Bulawayo,-20.1700000,28.5799990
loc_93484,Bulawayo,-20.1560937,28.6002227
loc_67265,Bulle,46.6179910,7.0571580
loc_87699,Bully-les-Mines,50.4465980,2.7209370
loc_139398,Bulwell,53.0000000,-1.2000000
loc_4091,Bunkie,30.9530560,-92.1825000
loc_76340,Bunkyo,35.7166670,139.7500000
loc_715,Burbank,34.1808330,-118.3080560
loc_23386,Bures-sur-Yvette,48.6968570,2.1621000
loc_38000,Burgdorf,52.4464280,10.0066450
loc_45111,Burgdorf,47.0579150,7.6286360
loc_8617,Burgos,42.3403700,-3.7038300
loc_4075,Burley,42.5358330,-113.7919440
loc_1281,Burlington,44.4758330,-73.2125000
loc_25678,Burlington,36.1220490,-79.4283410
loc_3508,Burnaby,49.2472710,-122.9699120
loc_5891,Burnley,53.8000000,-2.2333333
loc_12191,Bursa,40.1961900,29.0749610
loc_144550,Burton,30.1813890,-96.6000000
loc_20510,Burton upon Trent,52.8000000,-1.6166667
loc_113116,Burträsk,64.5197907,20.6566774
loc_1049,Bury,53.6000000,-2.3000000
loc_47022,Busan,35.1403000,129.0628000
loc_6678,Busan,35.1578710,129.0547030
loc_515,Bushey,51.6333333,-0.3666667
loc_14660,Bussum,52.2799980,5.1700000
loc_56799,Busto Arsizio,45.6113632,8.8491174
loc_136428,Butcher Hollow,37.7788890,-82.7161110
loc_61828,Buttstädt,51.1200096,11.4141667
loc_1022,Buxton,53.2500000,-1.9166667
loc_95024,Buzovna,40.5161111,50.1163889
loc_34243,Bwlch,51.8833333,-3.2333333
loc_19353,Byhalia,34.8722220,-89.6905560
loc_12818,Byron Bay,-28.7157400,153.5986020
loc_141997,Byron Center,42.8119440,-85.7227780
loc_56546,Bytom,50.3483816,18.9157175
loc_48832,Bærum,59.9205450,10.5937650
loc_32252,Bègles,44.8074920,-0.5488280
loc_91605,Bédarieux,43.5289532,2.6983868
loc_54821,Békéscsaba,46.6842165,21.0867537
loc_129859,Béoumi,7.6720000,-5.5798900
loc_12360,Béthune,50.5318410,2.6377150
loc_149608,Bézenet,46.3291670,2.8452780
loc_10864,Béziers,43.3484110,3.2141530
loc_113960,Býchory,50.0676270,15.2734717
loc_37657,Cabimas,10.4032700,-71.4525530
loc_74597,Cachoeira,-12.5891079,-38.9690860
loc_125669,Cachoeira do Arari,-1.0108330,-48.9627780
loc_6087,Cachoeiro de Itapemirim,-20.8523010,-41.1219900
loc_124123,Cacuaco,-8.7769440,13.3716670
loc_23227,Cadiz,36.8621200,-87.8370800
loc_4259,Caen,49.1846890,-0.3601430
loc_4831,Caen,49.1846890,-0.3601430
loc_10996,Caerdydd,51.5000000,-3.2000000
loc_74468,Caerleon,51.6133333,-2.9588889
loc_39182,Caesarea,32.5000000,34.9000000
loc_2822,Caetanópolis,-19.2994590,-44.4120790
loc_3462,Cagliari,39.3210190,8.9292670
loc_32358,Caguas,18.2316540,-66.0369060
loc_20654,Cahors,44.4456290,1.4414660
loc_53836,Cahul,45.9039688,28.1984505
loc_90790,Cahus,44.9572650,1.9196750
loc_498,Cairo,30.0599990,31.2500000
loc_139130,Cala Cala,-18.5268510,-66.4837970
loc_1255,Calabasas,34.1577780,-118.6375000
loc_142643,Calais,-24.1342578,30.3362292
loc_4658,Calais,50.9578630,1.8521430
loc_147796,Calape,9.8800000,123.8800000
loc_22128,Caldas da Rainha,39.4039750,-9.1338580
loc_335,Calgary,51.0398770,-114.0807960
loc_8941,Cali,3.4568550,-76.5224380
loc_5850,Callao,-12.0679260,-77.1453130
loc_13609,Caltanissetta,41.6602690,-4.4258800
loc_60881,Calumet,47.2500140,-88.4537510
loc_57138,Calzada de Calatrava,38.7048735,-3.7772957
loc_16135,Camagüey,21.3859000,-77.9135440
loc_4967,Camarillo,34.2163890,-119.0366670
loc_1752,Camberley,51.3500000,-0.7333333
loc_397,Camberwell,51.4000000,-0.1500000
loc_18527,Cambrai,50.1753500,3.2343690
loc_2705,Cambridge,42.3650000,-71.1050000
loc_433,Cambridge,52.2000000,0.1166667
loc_36382,Cambridge Bay,69.1122130,-105.0705030
loc_137972,Camden,51.5375332,-0.1405321
loc_25843,Camden,33.5869800,-92.8296200
loc_845,Camden,39.9258330,-75.1200000
loc_5149,Camden Town,51.4666667,-0.2000000
loc_28111,Campana,-34.1676420,-58.9563510
loc_9538,Campbell River,50.0044730,-125.2576160
loc_17338,Campbellton,48.0002720,-66.6681570
loc_59457,Campi Bisenzio,43.8256481,11.1334444
loc_9012,Campina Grande,-7.2302910,-35.8723790
loc_12121,Campinas,-22.9258500,-47.0934410
loc_53150,Campo de Criptana,39.4022870,-3.1221498
loc_4100,Campo Grande,-20.4514900,-54.6161190
loc_34025,Campo Santo,-24.6816670,-65.1041670
loc_34596,Campos dos Goytacazes,-21.7544680,-41.3244070
loc_2982,Canberra,-35.3499300,149.0415950
loc_91227,Canelones,-34.5166667,-56.2833333
loc_91439,Canicattini Bagni,37.0340229,15.0643323
loc_11577,Cannes,43.5508720,7.0105940
loc_3297,Cannes,43.5508720,7.0105940
loc_2310,Cannock,52.6833333,-2.0166667
loc_2820,Canonsburg,40.2625000,-80.1875000
loc_30337,Canteleu,49.4439720,1.0317400
loc_332,Canterbury,51.2666667,1.0833333
loc_11499,Canton,42.1583330,-71.1452780
loc_1294,Canton,40.7988890,-81.3786110
loc_45278,Canvey Island,51.5230000,0.5924000
loc_46981,Cap-Haïtien,19.7602040,-72.2020480
loc_7840,Cape Breton,46.2501220,-60.4206050
loc_84158,Cape Coast,5.1050560,-1.2472340
loc_3202,Cape Girardeau,37.3058330,-89.5180560
loc_5648,Cape Town,-33.9247880,18.4299160
loc_66,Caracas,10.5399990,-66.9300000
loc_91733,Carauari,-4.8790675,-66.9000867
loc_52950,Caravaca de la Cruz,38.1089945,-1.8660330
loc_826,Carbondale,37.7272220,-89.2166670
loc_11948,Carcassonne,43.2126050,2.3560990
loc_62460,Cardiff,51.4813069,-3.1804979
loc_5660,Cardigan,52.0833333,-4.6666667
loc_143808,Cargèse,42.1344440,8.5955560
loc_77655,Carhaix-Plouguer,48.2765002,-3.5711409
loc_1227,Carle Place,40.7525000,-73.6108330
loc_2010,Carlisle,54.8833333,-2.9333333
loc_124950,Carlos Manuel de Céspedes,21.5766670,-78.2775000
loc_3940,Carlsbad,33.1580560,-117.3497220
loc_9983,Carlsbad,32.4205560,-104.2283330
loc_62880,Carlton,54.5833333,-1.4000000
loc_1028,Carmarthen,51.8591667,-4.3116667
loc_4211,Carmel,36.5441670,-121.9163890
loc_4036,Carmo,-21.9402900,-42.6070520
loc_145841,Carnalbanagh,54.9010000,-6.0810000
loc_13754,Carol City,25.9402780,-80.2458330
loc_10404,Carpentras,44.0520760,5.0476930
loc_4205,Carrboro,35.9100000,-79.0755560
loc_69063,Carrefour,18.6080356,-72.4494848
loc_87651,Carrick-on-Suir,52.3471910,-7.4222050
loc_138845,Carrilobo,-31.8696780,-63.1158070
loc_2335,Carshalton,51.3500000,-0.1500000
loc_4878,Carson,33.8313890,-118.2811110
loc_17474,Carson City,39.1638890,-119.7663890
loc_34267,Cartagena,10.4142520,-75.5263290
loc_713,Carteret,40.5772220,-74.2286110
loc_13170,Carthage,36.2522220,-85.9516670
loc_2812,Carthage,32.1572220,-94.3372220
loc_839,Carthage,43.9780560,-75.6097220
loc_146372,Cartwright,53.7066670,-57.0197220
loc_60960,Casablanca,33.6053810,-7.6319490
loc_888,Casablanca,33.5999980,-7.6199990
loc_24233,Casale Monferrato,45.1371550,8.4508850
loc_3900,Casalecchio di Reno,44.4765740,11.2770550
loc_1266,Cascais,38.7000000,-9.4300000
loc_145638,Casciana Terme,43.5263890,10.6175000
loc_17188,Casnewydd,51.5833333,-2.9833333
loc_144182,Casole d&#39;Elsa,43.3397220,11.0433330
loc_76231,Cassel,50.7994112,2.4870078
loc_137570,Castel,49.4740000,-2.6030000
loc_135109,Castel d&#39;Azzano,45.3500000,10.9500000
loc_270,Castelsarrasin,44.0419000,1.1053240
loc_46938,Castle Donington,52.8405000,-1.3370000
loc_10463,Castres,43.6052910,2.2410070
loc_6659,Castro,-42.4799990,-73.7699960
loc_14206,Castro Urdiales,43.3827760,-3.2195690
loc_31861,Castrop-Rauxel,51.5594670,7.3234760
loc_19403,Castrovillari,39.8124240,16.2025630
loc_56899,Castroville,29.3549190,-98.8764990
loc_3109,Catania,37.5054370,14.8043690
loc_576,Catania,37.5359240,15.0559590
loc_12578,Catanzaro,49.7526950,15.2850580
loc_25493,Catanzaro,38.9099990,16.5876780
loc_1754,Catford,51.4500000,-0.0166667
loc_132557,Cato Manor,-29.8666670,30.9500000
loc_121636,Caumont,43.0291610,1.0859930
loc_14615,Cauterets,42.8875870,-0.1140470
loc_55550,Cavaillon,43.8299735,5.0340695
loc_7161,Cavarzere,45.1345070,12.0808620
loc_5987,Caxias do Sul,-29.1770800,-51.1605490
loc_35712,Cayce,34.8614320,-89.3745820
loc_41923,Cayenne,4.9346100,-52.3303300
loc_29293,Cayey,18.1145100,-66.1695800
loc_12531,Cañada Rosquín,-32.0467300,-61.6159900
loc_36800,Cebu City,10.3032390,123.8993610
loc_10393,Cedar Rapids,42.0083330,-91.6438890
loc_50346,Cedarville,39.7449380,-83.8081440
loc_538,Celbridge,53.3300010,-6.5500000
loc_36861,Celeste,33.2943340,-96.1951670
loc_2805,Celina,40.5488890,-84.5702780
loc_10351,Celje,46.2400010,15.2700000
loc_29040,Celle,52.6219200,10.0785800
loc_8033,Centereach,40.8583330,-73.1000000
loc_11221,Centerville,39.6283330,-84.1594440
loc_3755,Centerville,31.2577780,-95.9780560
loc_71949,Centralia,46.7162136,-122.9542972
loc_10390,Cergy-Pontoise,49.0421800,2.0636780
loc_37068,Cerignola,41.2650000,15.9014260
loc_138610,Cervarese Santa Croce,45.4030560,11.6922220
loc_7525,Cesena,44.1401660,12.2326430
loc_1534,Ceyssac,45.0389520,3.8347980
loc_118766,Chaabet El Ham,35.3361111,-1.1011111
loc_127152,Chabreloche,45.8797220,3.6975000
loc_57429,Chalfont St Giles,51.6320000,-0.5701000
loc_16103,Chalon-sur-Saône,46.7842190,4.8529480
loc_84567,Chalon-sur-Saône,46.9784455,4.8205157
loc_33742,Chamalières,45.7767820,3.0673210
loc_15025,Chambéry,45.5679380,5.9206810
loc_150545,Chamonix-Mont-Blanc,45.9299000,6.9295000
loc_173,Champaign,40.1163890,-88.2433330
loc_32459,Champigny-sur-Marne,48.8172700,2.4973850
loc_84178,Champlan,48.7003291,2.2558407
loc_38344,Changde,29.0322222,111.6780556
loc_8949,Changsha,28.2000000,112.9666667
loc_88088,Chania,35.5120000,24.0160000
loc_90462,Channel-Port aux Basques,47.5721149,-59.1364290
loc_25113,Chantilly,49.1943000,2.4709800
loc_797,Chapel Hill,35.9130560,-79.0561110
loc_3769,Chapelton,18.0812090,-77.2609630
loc_15272,Chappaqua,41.1594440,-73.7652780
loc_39697,Charenton-le-Pont,48.8258910,2.4068910
loc_20363,Charleroi,50.4227120,4.4276480
loc_7644,Charlesbourg,46.8806320,-71.2837520
loc_13777,Charleston,35.2872220,-84.7583330
loc_1717,Charleston,38.3497220,-81.6327780
loc_3013,Charleston,32.7763890,-79.9311110
loc_13597,Charleville-Mézières,49.7736090,4.7202100
loc_226,Charlotte,35.2269440,-80.8433330
loc_36125,Charlotte Amalie,18.3404600,-64.9325600
loc_725,Charlottesville,38.0291670,-78.4769440
loc_1163,Charlottetown,46.2585850,-63.1356490
loc_5943,Chaska,44.7894440,-93.6019440
loc_1779,Chatham,51.3833333,0.5166667
loc_10447,Chatou,48.8898940,2.1561200
loc_3163,Chatsworth,34.2572220,-118.6002780
loc_267,Chattanooga,35.0455560,-85.3097220
loc_124085,Chaturat,15.5647220,101.8413890
loc_130395,Chaumeil,45.4569000,1.8825000
loc_37865,Chaumont,48.1113220,5.1399080
loc_28003,Chauvin,29.4374600,-90.5953500
loc_20265,Chaville,48.8095740,2.1892550
loc_31247,Cheb,50.0777870,12.3757820
loc_45029,Chelles,48.8807280,2.5938360
loc_233,Chelmsford,51.7333333,0.4833333
loc_2334,Chelsea,51.4833333,-0.1833333
loc_3893,Chelsea,42.3916670,-71.0333330
loc_994,Cheltenham,51.9000000,-2.0833333
loc_43249,Chelyabinsk,55.1598890,61.4025800
loc_12363,Chemnitz,50.8325020,12.9246930
loc_61276,Cheniménil,48.1389731,6.6033118
loc_8867,Chennai,13.0615000,80.2478330
loc_73939,Cheongju,36.6424341,127.4890319
loc_927,Cheraw,34.6975000,-79.8836110
loc_19992,Cherbourg,49.6435120,-1.6118880
loc_141015,Cherbourg-en-Cotentin,49.6390000,-1.6250000
loc_116392,Cherkasy,49.4444330,32.0597670
loc_56765,Cherokee,42.7496740,-95.5512710
loc_3674,Cherry Hill,35.0047220,-92.8025000
loc_280,Cheshunt,51.7000000,-0.0333333
loc_1043,Chester,53.2000000,-2.9166667
loc_126234,Chester,43.6050000,-88.7233330
loc_934,Chester,39.8494440,-75.3561110
loc_4971,Chevy Chase,38.9711110,-77.0766670
loc_5689,Cheyenne,41.1333330,-104.8166670
loc_94670,Chezal-Benoît,46.8271400,2.1122640
loc_25864,Chiavenna,46.3197440,9.3978830
loc_1891,Chiba,35.6000000,140.1166667
loc_96,Chicago,41.8500000,-87.6500000
loc_8473,Chicago Heights,41.5061110,-87.6355560
loc_1100,Chichester,50.8333333,-0.7833333
loc_5922,Chico,39.7286110,-121.8363890
loc_1694,Chicopee,42.1486110,-72.6083330
loc_9111,Chicoutimi,48.4207880,-71.0660050
loc_2049,Chigasaki,35.3261111,139.4038889
loc_6117,Chihuahua,28.6305810,-106.0737000
loc_206,Chillicothe,39.3330560,-82.9825000
loc_3952,Chilly-Mazarin,48.7027490,2.3131370
loc_10576,Chillán,-36.5999980,-72.1100000
loc_2540,Chino,34.0122220,-117.6880560
loc_5015,Chippenham,51.4600000,-2.1247222
loc_18788,Chippewa Falls,44.9369440,-91.3927780
loc_14573,Chipping Sodbury,51.5333333,-2.3833333
loc_125788,Chiran,31.3666667,130.4500000
loc_145033,Chisasibi,53.7833330,-78.9000000
loc_27395,Chislehurst,51.4000000,0.0666667
loc_2264,Chiswick,51.4833333,-0.2666667
loc_45443,Chittagong,22.3303910,91.8251800
loc_102926,Chiva,39.4727211,-0.7178110
loc_17742,Chivilcoy,-34.9000010,-60.0400000
loc_76347,Chiyoda,35.6833330,139.7500000
loc_42523,Chişinău,47.0167170,28.8497420
loc_77711,Chișinău,47.0268590,28.8415510
loc_135304,Chlumec nad Cidlinou,50.1555560,15.4577780
loc_6281,Chobham,51.3333333,-0.6000000
loc_31091,Chofu,35.6555556,139.5522222
loc_14181,Choiseul,48.0586320,5.5686410
loc_34856,Cholet,47.0579470,-0.8791210
loc_8321,Choma,-16.8165210,26.9764310
loc_10448,Chongqing,29.5627778,106.5527778
loc_1102,Chorley,53.6500000,-2.6166667
loc_36434,Chorzów,50.2974880,18.9545730
loc_25661,Choshi,35.7333333,140.8333333
loc_16252,Christchurch,50.7333333,-1.7666667
loc_3843,Christchurch,-43.5235290,172.6381990
loc_62868,Christiana,18.1764452,-77.4927818
loc_3422,Chula Vista,32.6400000,-117.0833330
loc_63234,Chur,46.8494370,9.5307350
loc_779,Church Point,30.4027780,-92.2150000
loc_14766,Châlons-en-Champagne,48.9552160,4.3636420
loc_63480,Châlons-sur-Marne,48.9272693,3.1304341
loc_149814,Château-sur-Allier,46.7666700,3.0271300
loc_25686,Châteaubriant,47.7115510,-1.3766240
loc_89543,Châteaulin,48.1953890,-4.0942070
loc_14949,Châteauroux,46.8082410,1.6918210
loc_36684,Châteauroux,46.8082410,1.6918210
loc_20305,Châtelet,50.4002330,4.5381720
loc_20306,Châtelineau,50.4140140,4.5191470
loc_14557,Châtellerault,46.8216660,0.5445290
loc_66977,Châtenay-Malabry,48.7661360,2.2607524
loc_103136,Chêne-Bougeries,46.1984058,6.1851095
loc_84802,Ciales,18.3360622,-66.4687823
loc_3349,Cienfuegos,22.1499690,-80.4436800
loc_128841,Cilfynydd,51.6250000,-3.3200000
loc_33,Cincinnati,39.1619440,-84.4569440
loc_37082,Cittadella,45.6488340,11.7836360
loc_34619,City of London,51.5166667,-0.0833333
loc_39569,City of Westminster,51.5000000,-0.1166667
loc_52579,Ciudad Bolívar,8.0906055,-63.5216019
loc_51715,Ciudad de México,19.3831059,-99.2517306
loc_603,Ciudad de México,19.4106360,-99.1305880
loc_4146,Ciudad de Panamá,9.0417180,-79.4328990
loc_140666,Ciudad del Libertador General Don José de San Martín,-34.5768101,-58.5379896
loc_88962,Ciudad Evita,-34.7196550,-58.5407898
loc_49751,Ciudad Juárez,31.7367840,-106.4730270
loc_54822,Ciudad Madero,22.2763890,-97.8313890
loc_23437,Civitanova Marche,43.3045630,13.7194670
loc_770,Clackamas,45.4077780,-122.5691670
loc_41633,Clacton-on-Sea,51.7833333,1.1666667
loc_4356,Clamart,48.7990710,2.2624790
loc_136216,Clamecy,47.4500000,3.5166670
loc_26775,Clapham,52.1500000,-0.4833333
loc_4113,Claremont,34.0966670,-117.7188890
loc_7874,Claremore,36.3125000,-95.6158330
loc_34258,Claremorris,53.7220320,-8.9954820
loc_3252,Clarinda,40.7419440,-95.0380560
loc_14801,Clarksboro,39.7997220,-75.2241670
loc_415,Clarksdale,34.2000000,-90.5708330
loc_124296,Clarkstown,41.1261110,-73.9802780
loc_72612,Clarksville,35.4714724,-93.4665731
loc_14779,Cleethorpes,53.5500000,-0.0333333
loc_60188,Clejani,44.3179590,25.7029990
loc_3703,Clermont-Ferrand,45.7771670,3.0824170
loc_4677,Clermont-Ferrand,45.7771670,3.0824170
loc_11296,Cleveland,33.7438890,-90.7247220
loc_408,Cleveland,41.4994440,-81.6955560
loc_19984,Clichy,48.9026950,2.3040810
loc_14842,Clichy-sous-Bois,48.9094170,2.5499770
loc_2926,Clifton,40.8583330,-74.1641670
loc_23691,Clinch Mountain,36.8976930,-82.0896040
loc_40835,Clinton,34.4796970,-81.8810840
loc_43101,Clinton,40.6364300,-74.9097130
loc_710,Clinton,35.5155560,-98.9669440
loc_129981,Clipstone,53.1666667,-1.1000000
loc_24752,Clonmel,52.3600000,-7.7100000
loc_3498,Cloverdale,38.8055560,-123.0161110
loc_5990,Clovis,36.8252780,-119.7019440
loc_8652,Cluj-Napoca,46.7772480,23.5998900
loc_16084,Coalinga,36.1397220,-120.3591670
loc_5336,Coalville,52.7166667,-1.3666667
loc_274,Coalwood,37.3872220,-81.6527780
loc_5480,Coamo,18.0819440,-66.3583330
loc_7063,Cochabamba,-17.3841400,-66.1667020
loc_148107,Cocula,20.3653885,-103.8227749
loc_73390,Codogno,45.1628148,9.7032962
loc_604,Coimbra,40.2200010,-8.4300000
loc_30064,Colatina,-19.5381610,-40.6324360
loc_10564,Colby,39.3958330,-101.0519440
loc_1041,Colchester,51.8833333,0.9000000
loc_18191,Coldwater,41.9402780,-85.0005560
loc_4402,Colfax,39.1008330,-120.9522220
loc_58672,Colfax,46.8843100,-117.3644350
loc_141766,Colina,-20.7145588,-48.5400623
loc_77589,Colinée,48.8150484,-3.0502993
loc_7362,College Station,30.6277780,-96.3341670
loc_3609,Collinsville,32.4977780,-88.8458330
loc_13361,Colmar,48.0806790,7.3599720
loc_10457,Colombes,48.9230320,2.2550030
loc_1816,Colorado Springs,38.8338890,-104.8208330
loc_27297,Colt,35.1318300,-90.8052200
loc_4858,Colts Neck,40.2875000,-74.1727780
loc_207,Columbia,34.0005560,-81.0350000
loc_3932,Columbia,38.9516670,-92.3338890
loc_6346,Columbia,39.2402780,-76.8397220
loc_1346,Columbus,32.4608330,-84.9877780
loc_281,Columbus,39.9611110,-82.9988890
loc_40208,Colón,9.3566220,-79.9000580
loc_19565,Comilla,23.4559590,91.1820370
loc_55739,Comiso,36.9471468,14.6058763
loc_12423,Como,34.5105560,-89.9397220
loc_12621,Compiègne,49.4157700,2.8224800
loc_16175,Compiègne,49.4157700,2.8224800
loc_1247,Compton,33.8958330,-118.2191670
loc_43108,Conakry,9.5370290,-13.6784700
loc_3370,Conasauga,35.0044440,-84.7294440
loc_61774,Conceição,-7.5519472,-38.5099709
loc_3770,Concepción,-36.8300010,-73.0500030
loc_43728,Concepción,-36.8148150,-73.0292570
loc_1577,Concord,37.9780560,-122.0300000
loc_3907,Concord,42.4602780,-71.3494440
loc_4172,Concord,35.4086110,-80.5797220
loc_8239,Concord,43.2080560,-71.5380560
loc_92547,Condat,45.1182720,1.2303770
loc_150622,Conifer,39.5211000,-105.3053000
loc_17359,Conneaut,41.9475000,-80.5544440
loc_71643,Constantine,36.3500000,6.6000000
loc_6040,Constanţa,44.1800000,28.6299990
loc_97481,Contes,43.8152680,7.3177500
loc_9463,Conyers,33.6675000,-84.0177780
loc_78979,Coolea,51.9280511,-9.2158412
loc_16216,Copertino,40.2725010,18.0573530
loc_15732,Copeville,33.0794440,-96.4152780
loc_31114,Coquille,43.1807550,-124.1894690
loc_1476,Coquitlam,49.2733060,-122.8143040
loc_3542,Coral Gables,25.7211110,-80.2686110
loc_13973,Corbeil,48.6926440,2.2935600
loc_16028,Corbeil-Essonnes,48.6157630,2.4629010
loc_2154,Corby,52.4833333,-0.6666667
loc_926,Cordele,31.9633330,-83.7825000
loc_2804,Cordell,38.0275000,-82.8433330
loc_126163,Cordisburgo,-19.1229500,-44.3228420
loc_44,Cork,51.9000010,-8.4700000
loc_132663,Cornamona,53.5143890,-9.4487860
loc_55862,Cornellà de Llobregat,41.3556129,2.0704325
loc_1726,Corning,42.1427780,-77.0550000
loc_32211,Coro,11.4028100,-69.6778030
loc_128657,Coromandel,-18.4786110,-47.1977780
loc_3603,Corona,33.8752780,-117.5655560
loc_5668,Corona,40.7469440,-73.8605560
loc_112,Corpus Christi,27.8002780,-97.3961110
loc_151938,Corrandulla,53.3988000,-8.9951000
loc_16200,Correggio,44.7707960,10.7834630
loc_45140,Correns,43.4879880,6.0792980
loc_2760,Corrigan,30.9966670,-94.8269440
loc_20541,Corseaux-sur-Vevey,46.4718910,6.8336410
loc_709,Corsicana,32.0952780,-96.4686110
loc_720,Corte Madera,37.9255560,-122.5263890
loc_6565,Cortland,42.6011110,-76.1808330
loc_3427,Corvallis,44.5647220,-123.2608330
loc_1384,Costa Mesa,33.6411110,-117.9177780
loc_57421,Cotonou,6.3703833,2.3714901
loc_4045,Cotton Plant,35.0080560,-91.2511110
loc_9835,Council Bluffs,41.2619440,-95.8608330
loc_688,Courbevoie,48.8968250,2.2565160
loc_95105,Courcelles,50.4632980,4.3740548
loc_9112,Courtenay,49.6929150,-124.9843500
loc_39582,Coutchman,31.1166670,-96.2500000
loc_1011,Coventry,52.4166667,-1.5500000
loc_563,Covilhã,40.2900000,-7.5100000
loc_1261,Covington,39.0836110,-84.5086110
loc_1461,Covington,35.5641670,-89.6463890
loc_4866,Cowes,50.7666667,-1.3000000
loc_43156,Crailsheim,49.1343580,10.0719700
loc_3399,Crawfordsville,35.2250000,-90.3250000
loc_3423,Crawfordsville,40.0411110,-86.8744440
loc_1039,Crawley,51.1166667,-0.1833333
loc_46402,Creignish,45.7299720,-61.4588430
loc_16360,Creil,49.2598620,2.4752910
loc_13155,Cremona,45.2210050,10.0247850
loc_88443,Crescentino,45.1914074,8.1011111
loc_3426,Cresskill,40.9413890,-73.9597220
loc_4803,Crested Butte,38.8697220,-106.9872220
loc_3254,Creston,41.0586110,-94.3611110
loc_40614,Creutzwald,49.2069340,6.6953290
loc_5362,Crewe,53.1000000,-2.4333333
loc_2051,Crewkerne,50.8833333,-2.8000000
loc_25308,Crisp,32.3978500,-96.5814910
loc_17792,Croix,50.6749210,3.1482940
loc_98870,Croix-des-Bouquets,18.5761111,-72.2269444
loc_69111,Cronulla,-34.0519720,151.1536620
loc_14688,Crosby,53.4777778,-3.0333333
loc_20668,Crosne,48.7149180,2.4604430
loc_13232,Crotone,36.5373950,127.9968760
loc_34391,Crotone,39.0807390,17.1270790
loc_68463,Crouch End,51.5797120,-0.1237290
loc_5100,Crowley,30.2138890,-92.3744440
loc_2062,Croydon,51.3833333,-0.1000000
loc_75452,Cruces,22.3419444,-80.2761111
loc_67645,Cruz Alta,-28.6394371,-53.6061695
loc_78729,Cruz del Eje,-30.7211227,-64.8098984
loc_129776,Créon,44.7752780,-0.3469440
loc_370,Créteil,48.7889020,2.4520290
loc_4911,Cuckfield,51.0166667,-0.1333333
loc_6180,Cuernavaca,18.9218400,-99.2266130
loc_70549,Cuggiono,45.5063099,8.8167671
loc_8738,Culemborg,51.9495880,5.2233470
loc_3150,Culiacán,24.8048500,-107.3854980
loc_4861,Culver City,34.0211110,-118.3955560
loc_137939,Cumiana,44.9833330,7.3666670
loc_71605,Curicó,-34.9756073,-71.2235347
loc_4279,Curitiba,-25.4304790,-49.2845120
loc_132793,Curral Velho,15.9920000,-22.7940000
loc_128086,Curtina,-32.1497200,-56.1166700
loc_38116,Curuzú Cuatiá,-29.7833330,-58.0500000
loc_90243,Curvelo,-18.7491658,-44.4467555
loc_19219,Cut Off,29.5425000,-90.3380560
loc_69534,Cwm,53.2833333,-3.4000000
loc_385,Cwmaman,51.6861111,-3.4416667
loc_123607,Cwrt-newydd,52.1000000,-4.2166667
loc_141130,Cyffylliog,53.1000000,-3.4166667
loc_48348,Czechowice-Dziedzice,49.9016056,18.9917676
loc_12172,Cádiz,36.5299420,-6.2924090
loc_77495,Cárdenas,18.0013420,-93.3712840
loc_107168,Câmpina,45.1300000,25.7400000
loc_3454,Córdoba,-31.3999990,-64.1900020
loc_3489,Córdoba,37.9566000,-4.7930480
loc_5568,Córdoba,-31.3977990,-64.1976430
loc_64534,Dabi,15.9106100,-4.1406780
loc_64249,Daegu,35.8714354,128.6014450
loc_78585,Daejeon,36.3504119,127.3845475
loc_120677,Dagana,16.5105628,-15.5034785
loc_170,Dagenham,51.5500000,0.1666667
loc_39486,Dahlonega,34.5337280,-83.9833130
loc_25385,Daingean,53.2960210,-7.2907100
loc_4686,Daisy,37.1136110,-83.0950000
loc_80801,Dajabón,19.5476400,-71.7047120
loc_663,Dakar,14.7200000,-17.4799990
loc_50119,Dakhla,23.6319000,-15.9949000
loc_147917,Dalidavičy,53.8486000,26.6919000
loc_1228,Dallas,44.9194440,-123.3158330
loc_2906,Dallas,33.9236110,-84.8408330
loc_74,Dallas,32.7833330,-96.8000000
loc_44918,Daloa,6.8666670,-6.4500000
loc_1887,Dalston,54.8333333,-2.9833333
loc_5202,Daly City,37.7041670,-122.4605560
loc_69142,Damascus,33.5192990,36.3134500
loc_1423,Danbury,41.3947220,-73.4544440
loc_2323,Danbury,51.7000000,0.5666667
loc_18901,Danderyd,59.3983400,18.0341070
loc_52196,Dania,26.0558170,-80.1450740
loc_145001,Danilovgrad,42.6100000,19.0500000
loc_143433,Dankari,11.3495000,-3.6241000
loc_6863,Danvers,42.5750000,-70.9305560
loc_2691,Danville,37.6455560,-84.7722220
loc_2846,Danville,36.5858330,-79.3952780
loc_2996,Danville,40.1244440,-87.6300000
loc_142519,Darby,28.3608330,-82.3580560
loc_4748,Darmstadt,49.8747490,8.6550050
loc_130,Dartford,51.4500000,0.2166667
loc_9937,Dartmouth,41.6408330,-70.9800000
loc_7140,Darwin,-12.4329940,130.8424870
loc_36060,Dauphin,51.1984060,-100.0352270
loc_10732,Davenport,41.5236110,-90.5775000
loc_20475,David City,41.2527780,-97.1297220
loc_1318,Davis,38.5450000,-121.7394440
loc_2577,Davis,39.1286110,-79.4650000
loc_67975,Davos,46.8043821,9.8368549
loc_2415,Davyhulme,53.4500000,-2.3666667
loc_149217,Davyton,18.0956260,-77.4597757
loc_306,Dawson,31.6208330,-84.5208330
loc_10971,Dax,43.7094590,-1.0554090
loc_411,Dayton,39.7588890,-84.1916670
loc_3615,Daytona Beach,29.2105560,-81.0230560
loc_1776,Dearborn,42.3222220,-83.1763890
loc_23529,Deauville,49.3573150,0.0740750
loc_51148,Deaux,43.1961065,2.4235894
loc_96716,Debre Birhan,9.6719540,39.5338210
loc_2553,Debrecen,47.5400000,21.6299990
loc_1798,Decatur,39.8402780,-88.9547220
loc_12441,Deep Gap,36.2291670,-81.5002780
loc_24911,Deer Range,29.6088890,-89.8961110
loc_3208,Defiance,41.2844440,-84.3558330
loc_114959,Dehesas,42.5265678,-6.6815762
loc_122600,Deir El-Qamar,33.7051741,35.5693768
loc_97,DeKalb,41.9294440,-88.7502780
loc_5096,Del Mar,32.9594440,-117.2644440
loc_16645,Delevan,42.4891670,-78.4811110
loc_15791,Delft,51.9974550,4.3480690
loc_1398,Delhi,32.4575000,-91.4930560
loc_19538,Den Bosch,51.7130730,5.3181780
loc_87494,Den Dolder,52.1390592,5.2428279
loc_602,Den Haag,52.0760610,4.2814650
loc_26035,Denderleeuw,50.8812830,4.0764070
loc_20242,Dendermonde,51.0536350,4.1065690
loc_4019,Denison,33.7555560,-96.5363890
loc_8750,Denpasar,-8.6562900,115.2220990
loc_330,Denton,33.2147220,-97.1327780
loc_390,Denver,39.7391670,-104.9841670
loc_354,Denville,40.8922220,-74.4777780
loc_1003,Deptford,51.4833333,-0.0333333
loc_2642,DeQuincy,30.4502780,-93.4330560
loc_41,Derby,52.9333333,-1.5000000
loc_1027,Deri,51.7075000,-3.2658333
loc_1142,Derry,55.0000000,-7.3333333
loc_426,Des Moines,41.6005560,-93.6088890
loc_76,Dessau,51.8389700,12.2451470
loc_34,Detroit,42.3313890,-83.0458330
loc_21244,Deuil-la-Barre,48.9752350,2.3241340
loc_90455,Deux-Acren,50.7285400,3.8544300
loc_601,Deventer,52.2643010,6.1608990
loc_131959,Dhamar,14.5666670,44.4016670
loc_129657,Diekirch,49.8681000,6.1567000
loc_10469,Dieppe,49.9274930,1.0878690
loc_468,Diest,50.9799990,5.0500000
loc_1791,Dijon,47.3272140,5.0439880
loc_339,Dijon,47.3272130,5.0439880
loc_26016,Dilbeek,50.8451020,4.2640300
loc_35388,Dilling,12.0370000,29.6594000
loc_145736,Dimbokro,6.6500000,-4.7000000
loc_55614,Dimitrovgrad,54.2236405,49.6150588
loc_78634,Dina,33.0289548,73.6006342
loc_29245,Dinslaken,51.5651240,6.7329240
loc_139042,Dioro,13.6822860,-5.8405190
loc_100621,Diré,16.2661738,-3.4044187
loc_145386,Dirē Dawa,9.6000000,41.8666670
loc_245,Ditchling,50.9166667,-0.1000000
loc_38883,Dithmarschen,54.1221020,9.0581810
loc_146177,Divo,5.8333330,-5.3666670
loc_63352,Diyarbakır,37.9158100,40.2253350
loc_11940,Djibouti,11.5885990,43.1458500
loc_38016,Djoliba,12.3447000,-8.1328000
loc_132511,Dnipro,48.4500000,34.9833330
loc_120457,Dniprodzerzhynsk,48.5231170,34.6136830
loc_13343,Do,19.0582500,-70.4426310
loc_3453,Dobermannsdorf,48.5998800,16.7939400
loc_24543,Dodge City,37.7526900,-100.0186900
loc_124108,Doem Bang Nang Buat,14.8536110,100.0977780
loc_62137,Doetinchem,51.9649931,6.2876422
loc_64857,Dogondoutchi,13.6393700,4.0379080
loc_63671,Dolbeau-Mistassini,48.8757110,-72.2099830
loc_14498,Dole,47.0891150,5.4878750
loc_43872,Dombås,62.0698500,9.1223010
loc_23726,Domodossola,46.1148350,8.2915280
loc_2320,Doncaster,53.5333333,-1.1166667
loc_66403,Donnacona,46.6734170,-71.7408270
loc_56939,Donostia-San Sebastián,43.3207246,-1.9844487
loc_101637,Dorado,18.4908713,-66.2605176
loc_3818,Dorchester,42.2972220,-71.0750000
loc_5630,Dorchester,50.7166667,-2.4333333
loc_8753,Dordrecht,51.7999990,4.6700000
loc_128923,Dorothy,39.4005560,-74.8238890
loc_459,Dortmund,51.5120280,7.4635720
loc_150662,Dorénaz,46.1478000,7.0437000
loc_14000,Douai,50.3675370,3.0824950
loc_3739,Douala,4.0599990,9.7100000
loc_138211,Doubia,40.5119440,23.3505560
loc_73719,Doudeville,49.7208046,0.7841008
loc_127458,Douera,36.6702430,2.9448510
loc_25915,Dougherty,34.4008600,-97.0541100
loc_140295,Douglas,54.1450000,-4.4820000
loc_60173,Dourdan,48.5296510,2.0121091
loc_2067,Dover,51.1333333,1.3000000
loc_24307,Dover,43.1934600,-70.8741800
loc_141970,Dovzhans&#39;ke,47.8583330,39.7547200
loc_1608,Down Ampney,51.6666667,-1.8500000
loc_3361,Downers Grove,41.8088890,-88.0111110
loc_931,Downey,33.9400000,-118.1316670
loc_1141,Downpatrick,54.3166667,-5.7000000
loc_294,Doylestown,40.3100000,-75.1302780
loc_33006,Drachten,53.1078160,6.0910330
loc_139487,Draguignan,43.5403000,6.4667000
loc_44840,Drama,41.1536890,24.1636650
loc_8706,Drammen,59.7557110,10.1386300
loc_20105,Drancy,48.9197920,2.4514800
loc_9360,Draper,40.5247220,-111.8630560
loc_25884,Draveil,48.6858940,2.4101600
loc_10001,Dresden,51.0768270,13.7724580
loc_16001,Dreux,48.7382520,1.3611310
loc_21980,Drew,33.8094440,-90.5263890
loc_3619,Driebergen,52.0565980,5.2905490
loc_546,Drogheda,53.7200010,-6.3600000
loc_38027,Drosia,38.1166670,23.8500000
loc_3318,Drummondville,45.8803660,-72.5034190
loc_23402,Duas Barras,-21.3833330,-41.6500000
loc_3432,Dublin,34.3666670,-90.5230560
loc_368,Dublin,53.3300010,-6.2500000
loc_74388,Dubrovnik,42.6418783,18.1064811
loc_2991,Dudelange,49.4799990,6.0799990
loc_20976,Dudley,42.0450000,-71.9305560
loc_11264,Duffel,51.0932350,4.5223190
loc_42852,Dugny,48.9543230,2.4162740
loc_4238,Duisburg,51.4464930,6.7280160
loc_422,Duluth,46.7833330,-92.1063890
loc_30773,Dumas,35.8653420,-101.9636470
loc_118,Dumbarton,55.9500000,-4.5666667
loc_2066,Dumfries,55.0666667,-3.5500000
loc_5759,Dumfries,38.5675000,-77.3283330
loc_41730,Dumraon,25.5475410,84.1500780
loc_45956,Dun Laoghaire,53.3390320,-6.2916750
loc_91942,Dunakeszi,47.6297228,19.1380528
loc_22837,Dunaújváros,46.9806680,18.9127070
loc_10649,Duncan,48.7797840,-123.7037660
loc_2512,Duncan,34.5022220,-97.9575000
loc_26295,Dundalk,53.6981640,-6.2424070
loc_1040,Dundee,56.5000000,-2.9666667
loc_2637,Dunedin,-45.8835910,170.4741970
loc_350,Dunedin,-45.8800010,170.4799950
loc_1143,Dunfermline,56.0833333,-3.4666667
loc_10616,Dunkerque,51.0342920,2.3768190
loc_124358,Dunmore Town,25.4987560,-76.6338590
loc_2855,Dunn,35.3061110,-78.6091670
loc_14260,Dunrea,49.4072630,-99.7327460
loc_114520,Dunshaughlin,53.5135229,-6.5402525
loc_6241,Dunstable,51.8833333,-0.5166667
loc_124083,Dunwoody,33.9427780,-84.3177780
loc_145030,Dupont,30.9315798,-91.9470096
loc_23628,Duque de Caxias,-22.7868250,-43.3131060
loc_3638,Duquesne,40.3813890,-79.8600000
loc_88607,Durango,43.1690679,-2.6326552
loc_2729,Durant,33.0750000,-89.8544440
loc_45045,Durant,33.9833120,-96.3882600
loc_654,Durban,-29.8700000,30.9899990
loc_1365,Durham,35.9938890,-78.8988890
loc_2137,Durham,54.7666667,-1.5666667
loc_398,Durham,43.1338890,-70.9269440
loc_94575,Dzerzhinsk,56.2333333,43.4500000
loc_147249,Dzhambechiy,45.0833000,39.8500000
loc_96812,Décines-Charpieu,45.7674499,4.9570240
loc_70841,Dún Laoghaire,53.3441040,-6.2674937
loc_43004,Dürbheim,48.0564600,8.7933020
loc_25152,Düren,50.7998460,6.4869580
loc_510,Düsseldorf,51.2250060,6.7756270
loc_49960,Dąbrowa Górnicza,50.3182923,19.2372329
loc_33674,Dębica,50.0516420,21.4116960
loc_995,Ealing,51.5000000,-0.3166667
loc_66746,Earlestown,53.4500000,-2.6500000
loc_87581,East Angus,45.4847840,-71.6614960
loc_4582,East Brunswick,40.4277780,-74.4163890
loc_29551,East Chicago,41.6430740,-87.4605850
loc_2255,East Dereham,52.6833333,0.9333333
loc_922,East Durham,42.3725000,-74.0961110
loc_45138,East Finchley,51.5833333,-0.1666667
loc_2357,East Ham,53.3000000,-2.9666667
loc_20813,East Hoathly,50.9166667,0.1666667
loc_193,East Kilbride,55.7666667,-4.1666667
loc_7376,East Lansing,42.7369440,-84.4838890
loc_7949,East London,-32.9910090,27.9015690
loc_1342,East Los Angeles,34.0238890,-118.1711110
loc_11967,East Molesey,51.4000000,-0.3500000
loc_1265,East Orange,40.7672220,-74.2052780
loc_4233,East Point,33.6794440,-84.4394440
loc_23336,East Saint-Louis,38.6262400,-90.1631100
loc_54131,East Tilbury,51.4500000,0.4666667
loc_1068,Eastbourne,50.8000000,0.2500000
loc_91915,Eastmain,52.1477470,-78.0567440
loc_2550,Eastman,32.1975000,-83.1777780
loc_23609,Easton,38.8719150,-76.1388810
loc_5337,Eau Claire,44.8113890,-91.4983330
loc_94922,Ebensee,47.8073900,13.7784200
loc_5123,Echo Park,34.0722220,-118.2594440
loc_26694,Edegem,51.1567870,4.4438540
loc_43687,Edgard,30.0213070,-90.5587310
loc_2260,Edgware,51.6000000,-0.2666667
loc_147216,Edinbane,57.4700000,-6.4300000
loc_772,Edinburgh,55.9500000,-3.2000000
loc_1633,Edison,40.5361110,-74.4125000
loc_8339,Edmond,35.6527780,-97.4777780
loc_1874,Edmonds,47.8108330,-122.3761110
loc_1180,Edmonton,53.5327900,-113.5033830
loc_843,Edmonton,36.9800000,-85.6122220
loc_3777,Edmundston,47.3819360,-68.3226420
loc_699,Edwards,32.3300000,-90.6055560
loc_71255,Edwards Air Force Base,34.8886490,-117.8464460
loc_118038,Edwinstowe,53.1833333,-1.0666667
loc_1971,Egremont,54.4666667,-3.5166667
loc_916,Eilenburg,51.4599150,12.6326630
loc_23527,Einbeck,51.8164760,9.8673150
loc_4171,Eindhoven,51.4399950,5.4774960
loc_55431,Eisenstadt,47.8458760,16.5180730
loc_142525,Eisfeld,50.4258330,10.9066670
loc_58982,Eivissa,38.9088566,1.4323778
loc_146541,Ekachakra,24.0614340,87.8477890
loc_36283,El Amria,35.3967900,-1.0915070
loc_31197,El Biar,35.5000000,6.0666670
loc_146471,El Carpio de Tajo,39.8875000,-4.4544440
loc_1264,El Centro,32.7919440,-115.5622220
loc_361,El Cerrito,37.9158330,-122.3105560
loc_16121,El Dorado,33.2075000,-92.6661110
loc_58981,El Metn,33.9057151,35.5789438
loc_3102,El Monte,34.0686110,-118.0266670
loc_405,El Paso,31.7586110,-106.4863890
loc_51071,El Paso,9.6596279,-73.7523727
loc_75984,El Prat de Llobregat,41.3304758,2.0931486
loc_123475,El Quisco,-33.3916060,-71.6991810
loc_1348,El Reno,35.5322220,-97.9547220
loc_35994,El Senbellawein,30.8794440,31.4650000
loc_1272,El Sobrante,37.9500000,-122.2727780
loc_71205,El Vendrell,41.2204167,1.5348453
loc_84524,El Yagual,7.4771904,-68.4226140
loc_32992,Elberfeld,51.2491000,7.1535790
loc_25167,Elizabeth,-34.7145350,138.6696990
loc_4719,Elizabeth,40.6638890,-74.2111110
loc_4775,Elkhart,41.6819440,-85.9766670
loc_3330,Elkhorn,42.6727780,-88.5444440
loc_36431,Elkins,38.9262960,-79.8575940
loc_15731,Elkmont,34.9288890,-86.9738890
loc_3617,Elkton,39.6066670,-75.8336110
loc_279,Ellensburg,46.9966670,-120.5466670
loc_8439,Ellesmere Port,53.2833333,-2.9000000
loc_6362,Ellicott City,39.2672220,-76.7986110
loc_9163,Elmhurst,41.8994440,-87.9402780
loc_20020,Elsene,50.8206650,4.3755050
loc_1986,Eltham,51.4500000,0.0500000
loc_28171,Eltville am Rhein,50.0250530,8.1177780
loc_43124,Elva,58.2285370,26.4163980
loc_634,Elverum,60.8857990,11.5693600
loc_144684,Elx-Elche,38.2669440,-0.6983330
loc_97424,Embrun,44.5641640,6.4958650
loc_1951,Emden,53.3643360,7.2011970
loc_58793,Emsdetten,52.1757755,7.5274064
loc_2898,Encinitas,33.0369440,-117.2911110
loc_1959,Encino,34.1591670,-118.5002780
loc_5962,Endicott,42.0983330,-76.0497220
loc_140421,Enemonzo,46.4166670,12.8833330
loc_2338,Enfield,51.6666667,-0.0666667
loc_114816,Engels,51.4864734,46.1028334
loc_17483,Enghien-les-Bains,48.9696480,2.3063090
loc_230,Englewood,40.8927780,-73.9730560
loc_8360,Enid,36.3955560,-97.8780560
loc_2222,Enniskillen,54.3666667,-7.6333333
loc_1523,Enschede,52.2190020,6.8855610
loc_57205,Enugu,6.4505390,7.4920800
loc_123809,Enville,33.9836110,-96.9863890
loc_31685,Epinal,48.1747750,6.4499830
loc_991,Epping,51.7000000,0.1166667
loc_102736,Erandio,43.3074579,-2.9464180
loc_117272,Erbes-Büdesheim,49.7570891,8.0320085
loc_12499,Erfurt,50.9737250,11.0223980
loc_3920,Erie,42.1291670,-80.0852780
loc_108977,Erin,10.0902252,-61.6721966
loc_32117,Ermelo,52.3007350,5.6279460
loc_7877,Ermelo,-26.5137200,29.9892100
loc_24806,Ermont,48.9892430,2.2589680
loc_90279,Esashi,44.9352778,142.5847222
loc_2549,Escatawpa,30.4402780,-88.5436110
loc_25625,Eschwege,51.1881880,10.0526700
loc_396,Eschweiler,50.8174290,6.2716680
loc_1802,Escondido,33.1191670,-117.0855560
loc_141007,Esiama,4.9372493,-2.3485034
loc_1583,Eskilstuna,59.3699980,16.5100000
loc_34869,Espinal,42.6280500,-1.8329750
loc_25585,Esplanada,-11.7776500,-37.9511720
loc_5677,Espoo,60.1997020,24.5681020
loc_107966,Esquimalt,48.4299419,-123.4137610
loc_39170,Essaouira,31.5137200,-9.7621200
loc_232,Essen,51.4580210,7.0147550
loc_32543,Esslingen am Neckar,48.7410970,9.3080520
loc_490,Estevan,49.1425100,-102.9888770
loc_3958,Estoril,38.7099990,-9.3999990
loc_71143,Esztergom,47.6291394,18.4014586
loc_25317,Etterbeek,50.8366180,4.3893780
loc_3177,Etterbeek,50.8196570,4.3945260
loc_142,Eugene,44.0522220,-123.0855560
loc_1286,Eureka,40.8022220,-124.1625000
loc_21352,Euxton,53.6500000,-2.6666667
loc_132,Evanston,42.0411110,-87.6900000
loc_2806,Evanston,39.1441670,-84.4691670
loc_3652,Evansville,37.9747220,-87.5558330
loc_129791,Evercreech,51.1480556,-2.5055556
loc_1234,Everett,47.9791670,-122.2008330
loc_94039,Eversley,51.3481450,-0.8753010
loc_1067,Evesham,52.0833333,-1.9333333
loc_2247,Ewell,51.3333333,-0.2500000
loc_1992,Exeter,50.7000000,-3.5333333
loc_17431,Exmouth,50.5833333,-3.4000000
loc_3459,Extension,31.9705560,-91.8058330
loc_23260,Exu,-7.5158510,-39.7268100
loc_148269,Ezzahra,36.7438900,10.3083300
loc_61172,Fabriano,43.3361361,12.9046964
loc_1975,Fagersta,60.0000000,15.8100000
loc_2099,Failsworth,53.5166667,-2.1333333
loc_18789,Fair Lawn,40.9402780,-74.1322220
loc_85,Fairbanks,64.8466670,-147.7200000
loc_171,Fairfax,38.8461110,-77.3066670
loc_27386,Fairfield,41.0066700,-91.9629100
loc_3050,Fairfield,31.7244440,-96.1650000
loc_6243,Fairfield,38.2494440,-122.0388890
loc_92497,Fairhaven,41.6376043,-70.9036487
loc_14281,Faisalabad,31.4099990,73.1100000
loc_28441,Falces,42.3877180,-1.7940730
loc_121854,Falkenhagen,52.4307265,14.3174361
loc_1808,Falkirk,56.0000000,-3.7666667
loc_2098,Falmouth,50.1483333,-5.0761111
loc_58832,Falmouth,18.4886210,-77.6554570
loc_3029,Falun,60.6100000,15.6199990
loc_43848,Fano,43.8448680,13.0168820
loc_38069,Faranbah,10.0390100,-10.7433500
loc_113691,Farg&#39;ona,40.3864100,71.7863770
loc_1421,Fargo,46.8772220,-96.7894440
loc_129488,Farini,44.7166670,9.5666670
loc_67439,Farmingdale,40.1965018,-74.1684757
loc_4302,Farmville,37.3019440,-78.3922220
loc_1857,Farnborough,51.2666667,-0.7333333
loc_2103,Farnham,51.2000000,-0.8000000
loc_71616,Faro,37.0153597,-7.9351130
loc_16484,Farsund,58.0900000,6.7800000
loc_81676,Faulquemont,49.0417978,6.5992900
loc_19651,Fayetteville,43.0297220,-76.0047220
loc_2485,Fayetteville,36.0625000,-94.1572220
loc_2614,Fayetteville,35.0525000,-78.8786110
loc_30675,Feira de Santana,-12.2723220,-38.9575720
loc_129852,Fellegara,44.6111110,10.6925000
loc_2566,Ferndale,42.4605560,-83.1347220
loc_25239,Ferndown,50.8000000,-1.8666667
loc_6398,Ferrara,44.7663280,11.8169770
loc_1464,Ferriday,31.6300000,-91.5544440
loc_57097,Ferrière-la-Petite,50.2394190,4.0214710
loc_78188,Ferryhill,54.6833333,-1.5500000
loc_98223,Feuchtwangen,49.1680911,10.3297982
loc_144611,Ffynnongroyw,53.3300000,-3.3000000
loc_63750,Fianarantsoa,-21.4597300,47.0782200
loc_5678,Figueres,42.2826270,2.9815050
loc_21846,Finchley,51.6000000,-0.1666667
loc_36,Finley,-35.6479800,145.5738980
loc_15796,Finspång,58.7099990,15.7799990
loc_1747,Firenze,43.7687180,11.2568700
loc_72482,Firminy,45.3892733,4.2873327
loc_24736,Fitzgerald,31.7150200,-83.2522500
loc_50771,Fjaler,61.3061110,5.4633330
loc_151050,Flacey,48.1478000,1.3506000
loc_242,Flagstaff,35.1980560,-111.6505560
loc_75,Flatwoods,38.5225000,-82.7172220
loc_1998,Fleet,51.2833333,-0.8333333
loc_2448,Fleetwood,53.9166667,-3.0000000
loc_2557,Flensburg,54.7803950,9.4357070
loc_14028,Flers,48.7518270,-0.5604660
loc_88689,Fleury-les-Aubrais,47.9315130,1.9207540
loc_453,Flint,43.0125000,-83.6875000
loc_3449,Floydada,33.9844440,-101.3372220
loc_3197,Flushing,40.7652780,-73.8177780
loc_47510,Fléville-devant-Nancy,48.6250470,6.2027380
loc_55978,Fondettes,47.4034254,0.5963285
loc_139329,Fonikoh,7.3220490,-11.5904200
loc_4341,Fontainebleau,48.4059000,2.7020550
loc_72199,Fontenay-le-Comte,46.4659524,-0.8060646
loc_16891,Fontenay-sous-Bois,48.8512110,2.4743440
loc_28463,Fontmell Magna,50.9500000,-2.1833333
loc_694,Forbach,49.1859390,6.8984330
loc_19534,Forest,50.8100630,4.3248280
loc_4018,Forest,32.3644440,-89.4741670
loc_11027,Forest City,35.3338890,-81.8652780
loc_1463,Forest Hills,40.7161110,-73.8505560
loc_4491,Forestville,38.4736110,-122.8891670
loc_2539,Forlì,44.2225270,12.0410220
loc_842,Forrest City,35.0080560,-90.7897220
loc_45709,Forst,51.8574000,9.4946290
loc_7851,Fort Collins,40.5852780,-105.0838890
loc_1859,Fort Fairfield,46.7722220,-67.8344440
loc_30627,Fort Frances,48.6100130,-93.3927520
loc_23087,Fort Gibson,35.7979700,-95.2492200
loc_10854,Fort Hood,31.1300000,-97.7800000
loc_1631,Fort Knox,37.8927780,-85.9744440
loc_1249,Fort Lauderdale,26.1219440,-80.1436110
loc_1172,Fort Macleod,49.7204420,-113.3982070
loc_1543,Fort Monroe,37.0063890,-76.3097220
loc_2518,Fort Payne,34.4441670,-85.7197220
loc_11528,Fort Smith,35.3858330,-94.3983330
loc_44596,Fort Stewart,31.8702550,-81.6146550
loc_4163,Fort Wayne,41.1305560,-85.1288890
loc_305,Fort Worth,32.7252780,-97.3205560
loc_112320,Fort Yukon,66.5673500,-145.2513402
loc_5026,Fort-de-France,14.6000000,-61.0800010
loc_6290,Fortaleza,-3.7833220,-38.5889020
loc_24522,Fosdinovo,44.1332730,10.0176040
loc_36115,Foster City,37.5551110,-122.2651230
loc_29602,Fougères,48.3524030,-1.2028490
loc_3719,Fountain Valley,33.7091670,-117.9527780
loc_68886,Fowler,36.6305058,-119.6784697
loc_2981,Framingham,42.2791670,-71.4166670
loc_46509,Framlingham,52.2166667,1.3333333
loc_44226,Franconville,48.9835400,2.2285560
loc_28357,Frankenmuth,43.3350800,-83.7381700
loc_6156,Frankfort,38.2008330,-84.8733330
loc_337,Frankfurt am Main,50.1122580,8.6843070
loc_4792,Franklin,35.9250000,-86.8688890
loc_27026,Fray Bentos,-33.1393510,-58.3042980
loc_11034,Frechen,50.9100520,6.8152610
loc_3016,Frederick,39.4141670,-77.4108330
loc_5122,Fredericksburg,38.3030560,-77.4608330
loc_89,Fredericton,45.9573190,-66.6478180
loc_46632,Frederiksberg,55.6780020,12.5353680
loc_3217,Fredrikstad,59.2254600,10.9486700
loc_18332,Freetown,8.4899990,-13.2399990
loc_5323,Freiberg,50.8417020,13.3166450
loc_1713,Freiburg,47.9971860,7.8537660
loc_6781,Freiburg im Breisgau,47.9971860,7.8537670
loc_139537,Freire,-38.9575540,-72.6267310
loc_17302,Freising,48.4030650,11.7491480
loc_457,Fremantle,-32.0500000,115.7600000
loc_1452,Fremont,42.9908330,-71.1430560
loc_4822,Fresenhagen,54.7602770,9.0296410
loc_16192,Fresnes,47.4346280,1.4124910
loc_776,Fresno,36.7477780,-119.7713890
loc_57504,Freudenstadt,48.4627828,8.4121766
loc_1382,Friars Point,34.3694440,-90.6388890
loc_6900,Fribourg,46.8100010,7.1399990
loc_8602,Fribourg,46.8063390,7.1426010
loc_18715,Friedrichshafen,47.6519110,9.4783710
loc_2350,Frinton-On-Sea,51.8333333,1.2500000
loc_6486,Frisco,33.1505560,-96.8233330
loc_119696,Fryšták,49.2852036,17.6834724
loc_36333,Fréhel,48.6282980,-2.3652440
loc_67430,Fréjus,43.4324683,6.7351796
loc_71195,Fuji,35.1666667,138.6833333
loc_20032,Fujinomiya,35.2166667,138.6166667
loc_15349,Fujioka,36.2500000,139.0833333
loc_54351,Fujisawa,35.3419444,139.4700000
loc_13938,Fukagawa,43.7080556,142.0391667
loc_20493,Fukui,36.0666667,136.2166667
loc_1518,Fukuoka,33.5833333,130.4000000
loc_36398,Fukushima,37.7500000,140.4666667
loc_2685,Fulda,50.5829090,9.7551450
loc_60,Fullerton,33.8702780,-117.9244440
loc_55956,Fulmer,51.5500000,-0.5500000
loc_141619,Fulnek,49.7125000,17.9033330
loc_30847,Funabashi,35.6930556,139.9833333
loc_88787,Furth im Wald,49.3067070,12.8453486
loc_18946,Futtsu,35.3052778,139.8186111
loc_33974,Fyzabad,10.1833000,-61.5500000
loc_130644,Fère-en-Tardenois,49.1994000,3.5172000
loc_15785,Fô,11.8784900,-4.5162840
loc_22373,Gabès,33.8932690,10.1029100
loc_5681,Gadsden,34.0141670,-86.0066670
loc_20943,Gagnef,60.5984360,15.0774350
loc_48540,Gaiman,-43.2833330,-65.4999999
loc_22064,Gainesville,33.6258330,-97.1330560
loc_79,Gainesville,29.6513890,-82.3250000
loc_5128,Gaithersburg,39.1433330,-77.2016670
loc_17935,Galatina,40.1680760,18.1600990
loc_7947,Galaţi,45.4399980,28.0400000
loc_114597,Galați,45.4257200,28.0310440
loc_9523,Galesburg,40.9477780,-90.3711110
loc_66406,Galiwinku,-12.0037955,135.6101584
loc_5527,Gallatin,36.3883330,-86.4466670
loc_2731,Galloway,33.1136110,-94.1641670
loc_747,Galveston,29.3000000,-94.7950000
loc_3168,Galway,53.2799980,-9.0600000
loc_128638,Gangkofen,48.4369440,12.5633330
loc_117026,Gangneung,37.7518530,128.8760574
loc_67403,Gangtok,27.3291700,88.6169200
loc_70063,Gaoth Dobhair,55.0509410,-8.2356260
loc_21171,Gap,44.5599000,6.0759010
loc_126775,Garana,13.3348000,-6.7921000
loc_6174,Garanhuns,-8.8859010,-36.4933890
loc_23413,Gardanne,43.4540050,5.4694250
loc_428,Garden Grove,33.7738890,-117.9405560
loc_2933,Gardena,33.8883330,-118.3080560
loc_9440,Garfield,40.8813890,-74.1136110
loc_3212,Garland,32.9125000,-96.6386110
loc_31404,Garmisch-Partenkirchen,47.4923430,11.0862310
loc_150774,Garmsar,35.2205560,52.3388890
loc_2265,Garnant,51.7833333,-3.9000000
loc_130894,Garons,43.7692000,4.4292000
loc_137226,Garston,53.3333333,-2.9000000
loc_125723,Garupá,-27.4833330,-55.8333330
loc_30831,Garut,-7.1951900,107.8814000
loc_750,Gary,41.5933330,-87.3463890
loc_17014,Gaspé,48.9053440,-64.4779160
loc_56119,Gassin,43.2294412,6.5849216
loc_145493,Gaston,36.4963890,-77.6447220
loc_1032,Gateshead,54.9450000,-1.6175000
loc_2596,Gatineau,45.4723740,-75.6958110
loc_147662,Gause,30.7858370,-96.7213426
loc_38953,Gayle,18.3167000,-77.0167000
loc_50203,Gaziantep,37.0629460,37.3761030
loc_133689,Gazit,32.6375000,35.4470970
loc_156,Gdańsk,54.3600000,18.6399990
loc_23745,Gdynia,54.4850560,18.5455990
loc_854,Geelong,-38.1416020,144.3309020
loc_7690,Geleen,50.9691200,5.8228950
loc_37724,Gelnhausen,50.2009020,9.1923420
loc_525,Gelsenkirchen,51.5065630,7.1046010
loc_15053,Gembloux,50.5612930,4.7015310
loc_134912,Gempol,-6.2985770,107.5669210
loc_11654,Geneseo,42.7958330,-77.8172220
loc_88,Geneva,41.8875000,-88.3052780
loc_12038,Genova,42.1270950,43.3963910
loc_2481,Genova,44.4070620,8.9339890
loc_278,Gent,51.0475500,3.7362910
loc_2919,Genève,46.2015300,6.1340930
loc_60531,George Enescu,48.0192610,26.5256310
loc_143766,George Town,5.4144440,100.3291670
loc_53491,Gera,50.8803850,12.0812140
loc_71650,Gerli,-34.6483905,-58.3518147
loc_2966,Germantown,39.1730560,-77.2719440
loc_31379,Germantown,35.0845380,-89.7872690
loc_149659,Germencik,37.8725000,27.6002780
loc_74106,Germersheim,49.2188587,8.3695841
loc_52448,Gerrards Cross,51.5882000,-0.5533000
loc_25408,Gevelsberg,51.3266690,7.3388890
loc_99287,Ghazipur,25.5917210,83.3191830
loc_3697,Gien,47.6929990,2.6327280
loc_37050,Gien,47.6929990,2.6327280
loc_14533,Gießen,50.5840060,8.6782470
loc_20700,Gifu,35.4166667,136.7500000
loc_143667,Gijón-Xixón,43.5293100,-5.6773200
loc_1708,Gillespie,39.1297220,-89.8194440
loc_119,Gilmer,32.7286110,-94.9422220
loc_146328,Gimje,35.8016670,126.8888890
loc_16752,Girona,41.9816900,2.8230750
loc_11149,Gisborne,-38.6599990,178.0200040
loc_73884,Gisors,49.2799118,1.7760067
loc_35257,Giv&#39;atayim,32.0697200,34.8116700
loc_30182,Givors,45.5860250,4.7716640
loc_43758,Giżycko,54.0364050,21.7667340
loc_12284,Gjøvik,60.7877080,10.6588500
loc_20791,Glasgow,36.9958330,-85.9119440
loc_371,Glasgow,55.8333333,-4.2500000
loc_1048,Glastonbury,51.1466667,-2.7144444
loc_1243,Glastonbury,41.7122220,-72.6086110
loc_1653,Glen Dale,39.9491670,-80.7544440
loc_14796,Glen Ellyn,41.8775000,-88.0669440
loc_27308,Glen Head,40.8454200,-73.6157300
loc_9733,Glen of the Downs,52.9900010,-6.0500000
loc_353,Glen Ridge,40.8052780,-74.2041670
loc_34072,Glen Rock,40.9527320,-74.1255230
loc_104539,Glen White,37.5892811,-81.3506577
loc_130566,Glenageary,53.2750000,-6.1291670
loc_45284,Glencoe,38.7141960,-84.8230580
loc_1307,Glendale,34.1425000,-118.2541670
loc_4314,Glendale,33.5386110,-112.1852780
loc_4217,Glendora,34.1361110,-117.8644440
loc_394,Glenshaw,40.5327780,-79.9677780
loc_3704,Glenwillard,40.5597220,-80.2244440
loc_5903,Gloucester,51.8333333,-2.2500000
loc_6401,Gloucester,42.6158330,-70.6625000
loc_38012,Glovertown,48.6738700,-54.0337440
loc_34937,Gmunden,47.7584200,13.7670480
loc_51538,Gnas,46.8740336,15.8203028
loc_1686,Godalming,51.1833333,-0.6000000
loc_89511,Godewaersvelde,50.7934050,2.6474440
loc_3040,Goes,51.5093310,3.8904800
loc_9014,Goiânia,-16.7267000,-49.2548100
loc_6355,Gold Coast,-28.0192200,153.3910980
loc_67350,Gold Mine,29.8363171,-91.5998359
loc_139539,Golden,32.7297510,-95.5619930
loc_84808,Gonaives,19.4287547,-72.7451817
loc_40180,Gondar,12.6000000,37.4666670
loc_64036,Gonesse,48.9868109,2.4484505
loc_3578,Goodland,40.7633330,-87.2936110
loc_27936,Goose Bay,53.2942380,-60.3617760
loc_50122,Gordes,43.9112066,5.2010921
loc_43700,Gorgan,36.8413000,54.4259000
loc_21025,Gori,41.9799990,44.1100000
loc_18547,Gorizia,45.9413120,13.6215420
loc_45747,Goro,44.8518890,12.2959440
loc_57732,Gorseinon,51.6655556,-4.0452778
loc_5956,Goshen,41.5822220,-85.8344440
loc_741,Goshen,41.4019440,-74.3247220
loc_10757,Goslar,51.8470630,10.3836400
loc_20773,Gosselies,50.4440080,4.4385240
loc_85857,Goudhurst,51.1000000,0.4666667
loc_15727,Gourin,48.1391230,-3.6086840
loc_63338,Gouripur,24.7592390,90.5628130
loc_94525,Gournay-sur-Marne,48.8629780,2.5757860
loc_92979,Goussainville,48.9885318,2.4437460
loc_17887,Gouvieux,49.1895210,2.4151210
loc_6952,Governador Valadares,-18.8470400,-41.9509810
loc_43943,Goyang,37.6500000,126.8000000
loc_60740,Gołdap,54.3069111,22.3034476
loc_1536,Grabels,43.6477210,3.7971220
loc_5423,Granada,37.1764520,-3.5979920
loc_21655,Granby,45.3947670,-72.7298630
loc_8016,Grand Prairie,32.7458330,-96.9975000
loc_1271,Grand Rapids,42.9633330,-85.6680560
loc_3452,Grand Rapids,47.2372220,-93.5300000
loc_37047,Grand Roy Bay,12.1323550,-61.7490010
loc_54162,Grand Tower,37.6336750,-89.5069430
loc_69364,Grand-Bassam,5.2259360,-3.7536663
loc_37825,Grand-Fort-Philippe,51.0023860,2.1038900
loc_38007,Grange Hill,18.3000000,-78.1833330
loc_1086,Grangemouth,56.0166667,-3.7333333
loc_33966,Granite Falls,35.7996060,-81.4250030
loc_2248,Grantham,52.9000000,-0.6333333
loc_64038,Granville,48.8375168,-1.5979307
loc_4806,Grass Valley,39.2191670,-121.0600000
loc_5260,Grasse,43.6585550,6.9235470
loc_9711,Grayslake,42.3444440,-88.0416670
loc_6782,Graz,47.0705780,15.4380790
loc_16693,Great Barrington,42.1958330,-73.3625000
loc_1064,Great Bookham,51.2666667,-0.3666667
loc_2659,Great Lakes,42.3086110,-87.8513890
loc_1130,Great Yarmouth,52.6333333,1.7500000
loc_11919,Greeley,40.4233330,-104.7086110
loc_1220,Green Bay,44.5191670,-88.0197220
loc_1983,Greenfield,39.3519440,-83.3827780
loc_20720,Greenfield,42.5875000,-72.6000000
loc_1012,Greenock,55.9333333,-4.7500000
loc_29754,Greenodd,54.2333333,-3.0500000
loc_25475,Greensboro,32.7035400,-87.5954900
loc_43,Greensboro,36.0725000,-79.7922220
loc_1204,Greenville,34.8525000,-82.3941670
loc_1390,Greenville,35.6111110,-77.3730560
loc_1471,Greenville,33.4100000,-91.0616670
loc_25286,Greenville,37.2007100,-87.1784800
loc_2611,Greenville,38.8922220,-89.4130560
loc_2644,Greenwich,41.0263890,-73.6288890
loc_3020,Greenwood,33.5161110,-90.1794440
loc_3527,Greenwood,34.1952780,-82.1619440
loc_3236,Greifswald,54.1200550,13.4132440
loc_114045,Greiz,50.6585555,12.2077126
loc_2486,Grenada,33.7688890,-89.8083330
loc_213,Grenoble,45.1942600,5.7316130
loc_9329,Gresham,45.4983330,-122.4302780
loc_24921,Gretna,29.9166200,-90.0657100
loc_149451,Grigny-sur-Rhône,45.6083330,4.7897220
loc_11883,Groenlo,52.0424020,6.6215970
loc_42995,Gronau,52.2148340,7.0390700
loc_3128,Groningen,53.2192310,6.5753700
loc_1745,Grosse Pointe,42.3861110,-82.9119440
loc_52300,Grosseto,42.7628597,11.1127828
loc_9952,Groton,41.3500000,-72.0788890
loc_31763,Groveland,42.8317000,-71.0050000
loc_34717,Großenkneten,52.9442200,8.2537580
loc_33641,Grudziądz,53.4837490,18.7535650
loc_612,Guadalajara,20.6735900,-103.3438030
loc_16686,Guanajuato,21.0197110,-101.2641980
loc_6045,Guaratinguetá,-22.8281050,-45.2005670
loc_12224,Guarulhos,-23.4666670,-46.5333330
loc_25072,Guastalla,44.9162020,10.6531120
loc_6765,Guatemala,14.6247950,-90.5328180
loc_57713,Guben,51.9522404,14.7148187
loc_59119,Guebwiller,47.9057124,7.2138755
loc_83726,Guelma,36.4659000,7.4283610
loc_3271,Guelph,43.5353090,-80.2461830
loc_18872,Gueydan,30.0258330,-92.5083330
loc_2014,Guildford,51.2166667,-0.5666667
loc_19941,Guimarães,41.4353980,-8.2915330
loc_149667,Guise,49.8986110,3.6275000
loc_5216,Gulfport,30.3672220,-89.0927780
loc_134119,Gunpo,37.3500000,126.9500000
loc_2506,Gurdon,33.9208330,-93.1538890
loc_36936,Guri,37.5666670,127.1166670
loc_14890,Guthrie,35.8788890,-97.4250000
loc_131754,Guzhang,36.3594444,113.0452778
loc_101639,Guánica,17.9535846,-66.9273193
loc_96917,Guéret,46.1695990,1.8714520
loc_19369,Gwalior,26.2443290,78.0336530
loc_120589,Gwangju,37.4171413,127.2561413
loc_43351,Gyumri,40.7859120,43.8438800
loc_9494,Győr,47.6899980,17.6399990
loc_40206,Gámehisnjárga,69.4127600,25.8110700
loc_37735,Gävle,60.6746160,17.1418310
loc_97118,Gérardmer,48.0700810,6.8772920
loc_15251,Göppingen,16.9808350,-62.0763830
loc_986,Göteborg,57.7200010,12.0100000
loc_3121,Göttingen,51.5326380,9.9281600
loc_144481,Güira de Macurijes,22.7421081,-81.3921905
loc_48203,Günzburg,48.4544239,10.2814997
loc_36404,Gütersloh,51.9049030,8.3927900
loc_12822,Găeşti,44.7299990,25.3199990
loc_162,Haarlem,52.3899990,4.6199990
loc_137120,Habana del Este,23.1591670,-82.2710560
loc_35978,Hachinohe,40.5000000,141.5000000
loc_2047,Hachioji,35.6558333,139.3238889
loc_1296,Hackensack,40.8858330,-74.0438890
loc_16486,Hackleburg,34.2772220,-87.8286110
loc_2180,Hackney,51.5500000,-0.0500000
loc_27377,Hadano,35.3711111,139.2236111
loc_76400,Hadera,32.4442000,34.9208000
loc_4512,Hagen,51.3416570,7.4874030
loc_4595,Hagerstown,39.6416670,-77.7202780
loc_35146,Hagfors,60.0238060,13.6724660
loc_328,Haifa,32.8199990,34.9900010
loc_108519,Haining,30.5272222,120.6886111
loc_16695,Hakata,33.6000000,130.4166667
loc_1846,Hakodate,41.7758333,140.7366667
loc_118749,Hakuba,36.7000000,137.8666670
loc_130308,Hakusan,36.5166670,136.5666670
loc_12935,Halden,59.1275790,11.3687300
loc_1353,Haledon,40.9355560,-74.1866670
loc_7602,Half Moon Bay,37.4636110,-122.4275000
loc_1006,Halifax,53.7166667,-1.8500000
loc_1164,Halifax,44.6500000,-63.6000000
loc_1015,Halle,51.4821650,11.9658140
loc_22655,Halle (Saale),51.4821660,11.9658140
loc_26315,Hallstahammar,59.6136710,16.2292660
loc_14056,Halluwal,41.9666670,-71.5500000
loc_1289,Halmstad,56.6699980,12.8599990
loc_101033,Halsteren,51.5287710,4.2692644
loc_129268,Halton,53.3166667,-2.7000000
loc_29213,Ham-sur-Sambre,50.4444290,4.6734130
loc_14945,Hamamatsu,34.7000000,137.7333333
loc_4648,Hamar,60.8100010,11.0799990
loc_8700,Hamar,60.8199010,11.0687300
loc_1512,Hamburg,53.5527120,10.0188590
loc_23198,Hamburg,38.6697200,-90.7316700
loc_257,Hamburg,53.5498390,9.9732590
loc_53131,Hamburg,40.5552700,-75.9824100
loc_32317,Hameln,52.1040180,9.3572080
loc_1175,Hamilton,43.2427110,-79.8921950
loc_15341,Hamilton,-37.7871260,175.2829050
loc_1648,Hamilton,55.7666667,-4.0333333
loc_343,Hamilton,-37.7799980,175.2799980
loc_992,Hamilton,39.3994440,-84.5613890
loc_105007,Hamilton Township,40.2115109,-74.6796651
loc_23924,Hamina,60.5717140,27.1442750
loc_143942,Hamler,41.2294440,-84.0333330
loc_2952,Hamlet,34.8847220,-79.6944440
loc_141887,Hammamet,36.8122220,2.9713890
loc_66666,Hamme,51.0981911,4.1374819
loc_1036,Hammersmith,51.5000000,-0.2333333
loc_136085,Hammersmith and Fulham,51.5000000,-0.3167000
loc_2794,Hammond,41.5833330,-87.5000000
loc_6056,Hammond,30.5041670,-90.4611110
loc_1119,Hampstead,51.5500000,-0.1833333
loc_6022,Hampton,37.0297220,-76.3455560
loc_27253,Hanau,50.1354070,8.9151290
loc_15555,Hanceville,34.0605560,-86.7675000
loc_833,Hanford,36.3275000,-119.6447220
loc_9624,Hangzhou,30.2552778,120.1688889
loc_38059,Hanita,33.0833000,35.1667000
loc_139056,Hankha,14.9893550,100.0092000
loc_493,Hanna,51.6441910,-111.9322460
loc_1279,Hannover,52.3720260,9.7356720
loc_3314,Hanover,39.8005560,-76.9833330
loc_7469,Hanover,43.7022220,-72.2900000
loc_1377,Happy,34.7436110,-101.8541670
loc_126841,Harads,66.0844440,20.9541670
loc_52304,Harare,-17.8251657,31.0335100
loc_19029,Harbin,45.7500000,126.6500000
loc_146495,Harbour Main-Chapel&#39;s Cove-Lakeview,47.4336920,-53.1458360
loc_35553,Hard,47.4884130,9.6886180
loc_71360,Hargeisa,9.5623890,44.0770134
loc_26868,Haringey,51.5833333,-0.0833333
loc_1075,Harlow,51.7833333,0.1666667
loc_1295,Harrisburg,40.2736110,-76.8847220
loc_14185,Harrison,40.7463890,-74.1566670
loc_25779,Harrison,39.5286100,-87.4222200
loc_2810,Harrisonburg,38.4494440,-78.8691670
loc_1714,Harrogate,53.9833333,-1.5333333
loc_959,Harrow,51.5833333,-0.3166667
loc_117950,Hart,43.6983407,-86.3639652
loc_424,Hartford,41.7636110,-72.6855560
loc_2367,Hartlepool,54.6861111,-1.2125000
loc_2936,Harvey,41.6100000,-87.6466670
loc_18053,Harwich,51.9500000,1.3000000
loc_17691,Haslemere,51.0833333,-0.7000000
loc_3137,Hasselt,50.9285540,5.3399160
loc_148116,Hassi Messaoud,31.6910000,6.0530000
loc_2164,Hastings,50.8500000,0.6000000
loc_840,Hastings,40.5861110,-98.3880560
loc_951,Hatfield,53.5666667,-0.9833333
loc_905,Hattiesburg,31.3269440,-89.2902780
loc_27662,Hattula,61.0555230,24.3710100
loc_33380,Hatzfeld,50.9962500,8.5491390
loc_4644,Haugesund,59.4150810,5.2666770
loc_47610,Haumont,43.5649820,0.4182190
loc_77934,Hausjärvi,60.7874530,25.0280427
loc_126285,Haut-Martelange,49.8236710,5.7490450
loc_29341,Hauterive,48.2604240,-69.5095460
loc_41999,Hauula,21.6069580,-157.9061970
loc_126101,Haveluy,50.3510000,3.4030000
loc_2762,Haverhill,42.7761110,-71.0777780
loc_8200,Havertown,39.9808330,-75.3088890
loc_28167,Hawkhurst,51.0333333,0.5000000
loc_1248,Hawthorne,33.9163890,-118.3516670
loc_2101,Hayes,51.5000000,-0.4166667
loc_14687,Hazebrouck,50.7223060,2.5356750
loc_737,Hazel,36.5022220,-88.3258330
loc_16313,Hazerswoude,52.1225900,4.5871290
loc_3048,Hazlehurst,31.8602780,-90.3958330
loc_9834,Hazlet,40.4155560,-74.1913890
loc_1160,Heathfield,50.9500000,0.2666667
loc_51136,Hebburn,54.9666667,-1.5166667
loc_18642,Hedemora,60.2783230,15.9848430
loc_11598,Heerenveen,52.9523580,5.9280500
loc_8723,Heerlen,50.8918220,5.9809270
loc_63611,Heide,54.1957300,9.0910930
loc_351,Heidelberg,49.4019290,8.6802390
loc_56192,Heidenheim an der Brenz,48.6783830,10.1513230
loc_27634,Heilbronn,49.1415980,9.2220830
loc_14592,Heiloo,52.6017350,4.7098760
loc_25180,Heinola,61.2029130,26.0338710
loc_4544,Helena,34.4980560,-90.6111110
loc_74692,Heliopolis,30.0909837,31.3227090
loc_131295,Hellemmes-Lille,50.5667000,3.5568000
loc_30889,Hellerup,55.7475970,12.5410810
loc_1965,Helsingborg,56.0499990,12.6999990
loc_1501,Helsinki,60.1607910,24.9525480
loc_203,Helsinki,60.1699980,24.9400000
loc_29855,Hem,50.6526620,3.1868010
loc_2021,Hemel Hempstead,51.7500000,-0.4666667
loc_38210,Hemer,51.3839070,7.7675610
loc_1453,Hempstead,40.7061110,-73.6191670
loc_941,Henagar,34.6350000,-85.7672220
loc_20282,Hendaye,43.3737960,-1.7675310
loc_22991,Henderson,35.4404300,-88.6395200
loc_3524,Henderson,36.3294440,-78.3994440
loc_3951,Henderson,37.8361110,-87.5900000
loc_6915,Henderson,36.0397220,-114.9811110
loc_37529,Hendungen,50.3945620,10.3521450
loc_8746,Hengelo,52.2694210,6.7899730
loc_67770,Herat,34.3739000,62.1792000
loc_91800,Herblay,49.0467200,2.0959790
loc_988,Hereford,52.0500000,-2.7166667
loc_3984,Herminie,40.2633330,-79.7177780
loc_1467,Hermosa Beach,33.8622220,-118.3986110
loc_5936,Hermosillo,29.0916390,-110.9457210
loc_3993,Hernando,34.8238890,-89.9936110
loc_5248,Herne,51.5377550,7.2092080
loc_502,Herne Bay,51.3666667,1.1333333
loc_1056,Hersham,51.3666667,-0.4000000
loc_101,Hertford,51.8000000,-0.0666667
loc_113874,Herwen en Aerdt,51.8843157,6.1012703
loc_20271,Herzliya,32.1882580,34.8117310
loc_455,Heswall,53.3166667,-3.1000000
loc_3650,Heusden-Zolder,51.0299980,5.2600000
loc_26259,Heuvelland,50.7658130,2.7828990
loc_42935,Hexham,54.9666667,-2.1000000
loc_1716,Hialeah,25.8572220,-80.2783330
loc_1239,Hickory,35.7330560,-81.3413890
loc_311,Hicksville,40.7683330,-73.5255560
loc_29028,Higashimurayama,35.7580556,139.4686111
loc_66741,High Falls,43.9231241,-75.3721314
loc_409,High Point,35.9555560,-80.0055560
loc_2208,High Wycombe,51.6333333,-0.7666667
loc_930,Highland Park,42.4055560,-83.0969440
loc_3394,Higley,33.3072220,-111.7202780
loc_141088,Hiji,33.3666667,131.5333333
loc_30952,Hildesheim,52.1509000,9.9510010
loc_13375,Hillerød,55.9300000,12.3000000
loc_95,Hillingdon,51.5166667,-0.4500000
loc_6569,Hilo,19.7297220,-155.0900000
loc_14944,Hilvarenbeek,51.4927350,5.1239310
loc_626,Hilversum,52.2229030,5.1794990
loc_18655,Himeji,34.8166667,134.7000000
loc_2382,Hinckley,52.5333333,-1.3666667
loc_29720,Hino,35.6730556,139.4002778
loc_65814,Hios,38.3638040,26.1372320
loc_28882,Hirakata,34.8000000,135.6333333
loc_127967,Hirakawa,36.2833333,130.8500000
loc_118525,Hiranai,40.9202778,140.9555556
loc_56426,Hirosaki,40.5930556,140.4725000
loc_2473,Hiroshima,34.4000000,132.4500000
loc_12467,Hissmofors,63.3330690,14.4657000
loc_36194,Hita,33.3166667,130.9333333
loc_133503,Hitachiota,36.5382780,140.5309170
loc_2404,Hitchin,51.9500000,-0.2666667
loc_29778,Ho-Ho-Kus,41.0023600,-74.0931560
loc_8153,Hobbs,32.7000000,-103.1316670
loc_283,Hoboken,40.7438890,-74.0327780
loc_31799,Hof,50.3165800,11.9134710
loc_9422,Hofheim am Taunus,50.0869150,8.4483150
loc_5790,Hohhot,40.8105556,111.6522222
loc_41892,Holborn,51.5166667,-0.1166667
loc_70655,Holguín,20.8907600,-76.2623060
loc_47851,Hollidaysburg,40.4304840,-78.3902820
loc_3944,Holly Springs,34.7675000,-89.4486110
loc_392,Hollywood,34.0983330,-118.3258330
loc_43335,Holmestrand,59.4902650,10.3148140
loc_11066,Holmfirth,53.5500000,-1.7666667
loc_56242,Holstebro,56.3599132,8.6153890
loc_56243,Holte,55.8077991,12.4487593
loc_9247,Holyoke,42.2041670,-72.6166670
loc_1459,Homestead,40.4058330,-79.9122220
loc_141426,Homieĺ,52.4233330,31.0136110
loc_12826,Hong Kong,22.2743090,114.1773990
loc_25358,Hong Kong,22.2818730,114.1613460
loc_48888,Honokaa,20.0803670,-155.4732680
loc_1666,Honolulu,21.3069440,-157.8583330
loc_27396,Hontianske Moravce,48.1862940,18.8513920
loc_3551,Hoogeveen,52.7249300,6.4916030
loc_19137,Hoogezand-Sappemeer,53.1365750,6.7330630
loc_143002,Hook,53.7166667,-0.8500000
loc_50890,Hopkins,16.8644722,-88.2877885
loc_74392,Horlivka,48.3280320,38.0460070
loc_22288,Horn Lake,34.9586110,-90.0427780
loc_114553,Hornaing,50.3693480,3.3371150
loc_1960,Horsens,55.8600000,9.8400000
loc_8703,Horten,59.4199980,10.4700000
loc_37561,Hoshiarpur,31.5279810,75.9137500
loc_108384,Hot Springs,43.4316460,-103.4743625
loc_2590,Hot Springs,34.5166670,-93.0527780
loc_134245,Hoting,64.1166670,16.1666670
loc_68156,Houilles,48.9262233,2.1874651
loc_6983,Houma,29.5955560,-90.7194440
loc_1002,Hounslow,51.4666667,-0.3500000
loc_157,Houston,29.7630560,-95.3630560
loc_1830,Houston,33.8983330,-88.9991670
loc_29069,Howth,53.4573440,-6.2193690
loc_1823,Hoylake,53.3833333,-3.1833333
loc_140558,Hrodna,53.6666670,23.8333330
loc_13919,Huambo,-12.7600000,15.7299990
loc_67079,Huancayo,-12.0272165,-75.2128996
loc_71020,Huangelén,-37.0616531,-61.9359474
loc_123580,Huautla de Jiménez,18.1305560,-96.8430560
loc_1991,Huddersfield,53.6500000,-1.7833333
loc_5407,Huelva,37.2571940,-6.9495910
loc_1722,Hugo,34.0105560,-95.5094440
loc_2809,Huizen,52.3004510,5.2385070
loc_2783,Hull,45.4762930,-75.7882680
loc_139423,Humahuaca,-23.2029960,-65.3486020
loc_113099,Hunt City,39.0511526,-88.0233681
loc_8520,Huntingdon,52.3333333,-0.1833333
loc_3238,Huntington,40.8680560,-73.4261110
loc_1326,Huntington Beach,33.6602780,-117.9983330
loc_1553,Huntington Park,33.9816670,-118.2241670
loc_13805,Huntington Station,40.8500000,-73.4116670
loc_22938,Huntsville,45.4391360,-79.2873990
loc_3098,Huntsville,34.7302780,-86.5861110
loc_5422,Huntsville,36.0861110,-93.7411110
loc_4159,Hurlingham,-34.6000000,-58.6333330
loc_38992,Hwlffordd,51.8016667,-4.9708333
loc_2551,Hyannis,41.6527780,-70.2833330
loc_65697,Hyde Park,41.7942008,-87.5939377
loc_20403,Hyères,43.1198690,6.1285770
loc_70642,Hà Nội,21.0241667,105.8411111
loc_34005,Hämeenkyrö,61.6383790,23.1928780
loc_3582,Hämeenlinna,60.9972500,24.4721390
loc_22445,Härnösand,62.6323230,17.9379540
loc_36003,Hässleholm,56.1591420,13.7661640
loc_14571,Hénin-Beaumont,50.4204870,2.9480490
loc_12414,Héricourt,47.5754870,6.7584770
loc_72598,Hódmezővásárhely,46.4304110,20.3188298
loc_3306,Höchst im Odenwald,49.7978240,8.9937570
loc_2669,Hønefoss,60.1782800,10.2557600
loc_57196,Hørsholm,55.8679370,12.5502600
loc_43311,Hürth,50.8709610,6.8681110
loc_68343,Hütschenhausen,49.4192993,7.4771035
loc_126994,Hải Phòng,20.8651390,106.6838330
loc_22304,Hồ Chí Minh,10.7591800,106.6624980
loc_85149,Iași,47.1569444,27.5902778
loc_16536,Ibaraki,34.8166667,135.5666667
loc_27051,Ibarra,0.3626800,-78.1306690
loc_12642,Ichikawa,35.7197222,139.9247222
loc_14976,Ichinomiya,35.3000000,136.8000000
loc_9321,Idabel,33.8955560,-94.8261110
loc_37609,Iffendic,48.1291660,-2.0321030
loc_21620,Igarapava,-20.0411700,-47.7448500
loc_132203,Igarapé-Miri,-1.9750000,-48.9600000
loc_20069,Iglesias,39.3127680,8.5343250
loc_45265,Igualada,41.5787650,1.6171930
loc_46683,Iguatu,-6.3480710,-39.3065630
loc_41591,Iitti,60.8946910,26.3384000
loc_38712,Ijebu-Ode,6.8072000,3.9106000
loc_15079,IJmuiden,52.4348290,4.6587990
loc_118093,Ikast,56.1363710,9.1545970
loc_115870,Iksan,35.9482858,126.9575991
loc_13365,Il,31.0871800,34.8557380
loc_42135,Ilesha,7.6212000,4.7397000
loc_2381,Ilford,51.5500000,0.0500000
loc_27290,Illertissen,48.2207140,10.1025200
loc_19024,Iloilo,10.6899990,122.5500030
loc_34120,Ilwaco,46.3125830,-124.0431940
loc_26635,Imabari,34.0666667,133.0000000
loc_49643,Immenstadt,47.5599820,10.2175490
loc_12443,Imperia,43.8930360,8.0454310
loc_145614,Impilahti,61.6708330,31.1555560
loc_51922,Incheon,37.4562557,126.7052062
loc_6113,Independence,39.0911110,-94.4152780
loc_3685,Indiana,40.6213890,-79.1527780
loc_131,Indianapolis,39.7683330,-86.1580560
loc_1370,Indianola,33.4508330,-90.6550000
loc_20319,Indore,22.7270700,75.8665240
loc_1212,Inglewood,33.9616670,-118.3522220
loc_1131,Inkberrow,52.2000000,-1.9666667
loc_24592,Innsbruck,47.2626920,11.3947000
loc_4452,Inongo,-1.9400000,18.2800000
loc_36979,Interlaken,46.6854830,7.8559010
loc_3251,Invercargill,-46.4099990,168.3699950
loc_70408,Inverell,-29.7756670,151.1129280
loc_3620,Inverness,33.3536110,-90.5925000
loc_6096,Inverness,57.4666667,-4.2333333
loc_47382,Ioannina,39.6577800,20.8530290
loc_2636,Iowa City,41.6611110,-91.5300000
loc_1026,Ipswich,52.0833333,1.1666667
loc_27044,Iquitos,-3.7528950,-73.1914900
loc_55778,Irakleio,35.3380390,25.1341000
loc_1491,Irará,-12.0397900,-38.7573700
loc_28949,Irazee,46.7284200,-95.7000900
loc_8650,Irkutsk,52.3300010,104.2399970
loc_2953,Ironton,38.5366670,-82.6830560
loc_47191,Irun,43.3382720,-1.7892070
loc_1297,Irvine,33.6694440,-117.8222220
loc_2303,Irvine,55.6000000,-4.6666667
loc_12041,Is,64.7916530,-18.4719850
loc_6561,Iselin,40.5752780,-74.3227780
loc_50532,Iserlohn,51.3729333,7.6992867
loc_30440,Isfahan,32.6728000,51.6670000
loc_18018,Iskrets,42.9882030,23.2384250
loc_787,Isla Vista,34.4133330,-119.8600000
loc_2441,Isleworth,51.4666667,-0.3333333
loc_998,Islington,51.5333333,-0.1000000
loc_109269,Ismailia,30.5964923,32.2714587
loc_731,Issaquah,47.5302780,-122.0313890
loc_4562,Issoudun,46.9495660,1.9944920
loc_13593,Issy-les-Moulineaux,48.8230970,2.2733790
loc_16239,Istres,43.5127180,4.9879650
loc_17494,Itabashi,35.9666667,138.4833333
loc_12402,Itaiópolis,-26.3427600,-49.9104500
loc_26607,Itajaí,-26.9082840,-48.6608420
loc_27887,Itami,34.7666667,135.4166667
loc_54626,Itasca,32.1602340,-97.1485750
loc_4413,Ithaca,42.4405560,-76.4969440
loc_899,Itta Bena,33.4950000,-90.3197220
loc_12482,Ituaçu,-13.8153300,-41.2996100
loc_50994,Ivano-Frankivsk,48.9166670,24.7166670
loc_61037,Ivry sur Seine,48.8077987,2.3746230
loc_14843,Ivry-sur-Seine,48.8077770,2.3746660
loc_49606,Ixelles,50.8275572,4.3717242
loc_72256,Ixelles,50.8277392,4.3715312
loc_43144,Izegem,50.9171070,3.2150260
loc_18068,Izhevsk,56.8499980,53.2299990
loc_4014,İstanbul,41.0659600,29.0060690
loc_666,İstanbul,41.0999980,29.0000000
loc_12169,İzmir,38.4334300,27.1454200
loc_23061,Jaboatão dos Guararapes,-8.1120770,-35.0154000
loc_73695,Jaboticabal,-21.2553904,-48.3224176
loc_1766,Jackson,35.6144440,-88.8138890
loc_42205,Jackson,37.3454770,-83.9041930
loc_781,Jackson,32.2986110,-90.1847220
loc_9251,Jackson,42.2458330,-84.4013890
loc_19925,Jacksonville,42.3136110,-122.9658330
loc_425,Jacksonville,30.3319440,-81.6558330
loc_908,Jacksonville,34.7538890,-77.4305560
loc_27973,Jaguarão,-32.5404010,-53.3794560
loc_8861,Jaipur,26.9051090,75.8012770
loc_12888,Jajce,44.3400000,17.2700000
loc_42355,Jajouka,35.0333330,-5.7333330
loc_47753,Jakarta,-6.2115440,106.8451720
loc_541,Jakarta,-6.1799990,106.8300010
loc_91994,Jalal,30.4767477,75.1647529
loc_39644,Jalasjärvi,62.4921290,22.7601020
loc_99275,Jalpaiguri,26.5220200,88.7174680
loc_2787,Jamaica,40.6913890,-73.8061110
loc_150672,Jambur,13.3134599,-16.7006136
loc_140690,James Hill,18.1830724,-77.3443809
loc_702,Jamestown,42.0969440,-79.2355560
loc_848,Jamestown,46.9105560,-98.7080560
loc_4778,Jammu,32.7081300,74.8525470
loc_52358,Jamshedpur,22.7784900,86.2090000
loc_71361,Janela,17.1220170,-24.9954470
loc_6579,Janesville,42.6827780,-89.0186110
loc_78762,Jarocin,51.9724492,17.5019414
loc_41542,Jaworzno,50.2049870,19.2739310
loc_99332,Jayapura,-2.5412790,140.7137300
loc_7120,Jaén,37.7657390,-3.7895170
loc_25020,Jenkins,37.1846500,-82.6156200
loc_14797,Jerez de la Frontera,36.6865620,-6.1371730
loc_26699,Jericho,40.7910400,-73.5381000
loc_264,Jersey City,40.7280560,-74.0780560
loc_239,Jerusalem,31.7800000,35.2200010
loc_50121,Jessheim,60.1438835,11.1749806
loc_91698,Ji-Paraná,-10.8808268,-61.9418627
loc_70185,Jihlava,49.3954732,15.5909541
loc_146098,Jimmaa,7.6666670,36.8333330
loc_10235,Jinan,36.6683333,116.9972222
loc_32594,Jinhae,35.1494410,128.6674040
loc_22958,Joaima,-16.6546800,-41.0154300
loc_16860,Jodhpur,26.2816100,73.0231630
loc_27828,Joensuu,62.6015000,29.7740450
loc_3914,Johannesburg,-26.1441130,28.0501900
loc_3446,Johnson City,42.1155560,-75.9591670
loc_5865,Johnson City,36.3133330,-82.3536110
loc_2850,Johnsonburg,41.4905560,-78.6752780
loc_11350,Johor Bahru,1.4800000,103.7500000
loc_10082,Joinville,-26.3204400,-48.8428690
loc_20101,Joinville-le-Pont,48.8218650,2.4738860
loc_11161,Joliette,46.0198130,-73.4359340
loc_55458,Jondalen,59.7463084,10.0189139
loc_4673,Jonquière,48.4184500,-71.2322330
loc_938,Joplin,37.0841670,-94.5130560
loc_120926,Jordankal,45.8696354,15.0416193
loc_112224,Jos,9.9333333,8.8833333
loc_12139,João Pessoa,-7.1265160,-34.8729090
loc_3780,Juazeiro,-9.4212980,-40.5015180
loc_505,Juiz de Fora,-21.7522300,-43.3509410
loc_23911,Jundiaí,-23.1864530,-46.8844530
loc_45260,Juvisy,48.6912380,2.3762310
loc_15126,Juvisy-sur-Orge,48.6921890,2.3755510
loc_3031,Jyväskylä,62.2451520,25.7483010
loc_22846,Jönköping,57.7817980,14.1585100
loc_38680,Jüterbog,51.9910230,13.0720660
loc_38212,Kaarina,60.4071680,22.3682590
loc_5666,Kabul,34.5299980,69.1699980
loc_27399,Kadena,26.3666667,127.7500000
loc_64378,Kaduna,10.5190100,7.4431220
loc_117718,Kaisariani,37.9679885,23.7569706
loc_8880,Kaiserslautern,49.4519660,7.6973810
loc_8926,Kajaani,64.2215730,27.7347200
loc_91179,Kakamega,0.2827307,34.7518631
loc_74868,Kakegawa,34.7666667,138.0166667
loc_26092,Kalamata,37.0414890,22.1115090
loc_346,Kalamazoo,42.2916670,-85.5872220
loc_72738,Kalasin,16.4325096,103.5069189
loc_76043,Kaleke,31.9746580,73.5976900
loc_37378,Kaliningrad,54.7117880,20.5068000
loc_54306,Kalmar,56.6614449,16.3627230
loc_52361,Kaltensundheim,50.6066998,10.1586550
loc_2052,Kamakura,35.3088889,139.5502778
loc_66640,Kamensk-Shakhtinsky,48.3193282,40.2638284
loc_100189,Kameoka,35.0000000,135.5833333
loc_85003,Kamiiso,41.8166667,140.6500000
loc_62335,Kamina,-8.7357640,24.9951710
loc_22490,Kampen,52.5511410,5.9054060
loc_149382,Kananga,-5.8970000,22.4488330
loc_40354,Kananga,-2.5941240,28.0767400
loc_25658,Kanazawa,36.5666667,136.6500000
loc_83717,Kandıra,41.0802310,30.1571200
loc_53346,Kangaba,11.9333330,-8.4166670
loc_142570,Kangema,-0.6856000,36.9650000
loc_128819,Kangiqsujuaq,61.6000000,-71.9666670
loc_78157,Kankan,10.3840400,-9.3055530
loc_135146,Kannami,35.0889440,138.9533890
loc_1364,Kannapolis,35.4872220,-80.6219440
loc_144548,Kano,16.7769324,-2.4072282
loc_5569,Kanpur,26.4578300,80.3178630
loc_221,Kansas City,39.0997220,-94.5783330
loc_769,Kansas City,39.1141670,-94.6272220
loc_18208,Kapellen,51.3082110,4.4458020
loc_121613,Kapinovo,43.7593898,27.9767285
loc_16931,Kaposvár,46.3605120,17.7943310
loc_7319,Karachi,24.8933790,67.0280610
loc_89082,Karaisalı,37.2520100,35.0632900
loc_144540,Karamabad,32.4464277,74.1455684
loc_26830,Karatsu,33.4425000,129.9697222
loc_72545,Karawang,-6.2570530,107.3228550
loc_34986,Kardzhali,41.6745470,25.3837080
loc_121776,Karijoki,62.3078487,21.7068802
loc_130831,Karlovy Vary,50.2283330,12.8661110
loc_75363,Karlsbad,48.9052778,8.5036111
loc_1978,Karlsruhe,49.0080850,8.4037560
loc_40804,Karmøy,59.2500000,5.2333330
loc_57045,Kashan,33.9839900,51.4364700
loc_7413,Kashiwa,35.8544444,139.9688889
loc_107751,Kasos,35.4010530,26.9263671
loc_8892,Kassel,51.4140560,9.4270960
loc_55228,Kasukabe,35.9763889,139.7536111
loc_13925,Katonah,41.2588890,-73.6858330
loc_37364,Katowice,50.2648920,19.0237820
loc_69356,Katsunuma,35.6500000,138.7333333
loc_32506,Katwijk,52.2017020,4.4086380
loc_1953,Kaunas,54.9000010,23.9099990
loc_15800,Kaustinen,63.5299980,23.7000000
loc_60176,Kavala,40.9364990,24.4094770
loc_31661,Kawaguchi,35.8050000,139.7205556
loc_2085,Kawasaki,35.5205556,139.7172222
loc_15830,Kayes,14.4499990,-11.4399990
loc_129190,Kaysersberg,48.1333330,7.2500000
loc_30398,Kazan,55.7965380,49.1082000
loc_25806,Keady,54.2500000,-6.7000000
loc_2470,Keighley,53.8833333,-1.9166667
loc_4515,Kelowna,49.8840510,-119.4496990
loc_32957,Kemi,65.7360930,24.5636290
loc_40178,Kemijärvi,66.7158870,27.4293780
loc_10858,Kempston,52.1000000,-0.4833333
loc_87411,Kempten im Allgäu,47.7202110,10.3113200
loc_1124,Kendal,54.3166667,-2.7500000
loc_35319,Kendal,18.0833330,-77.4833330
loc_21312,Kendall,25.6788890,-80.3175000
loc_126653,Kengtung,21.2916670,99.6083330
loc_3746,Kenner,29.9938890,-90.2416670
loc_1636,Kennett,36.2361110,-90.0555560
loc_47335,Kennington,51.1500000,0.8833333
loc_27576,Kenova,38.4010600,-82.5777000
loc_2330,Kensington,51.4833333,-0.1833333
loc_135888,Kensington and Chelsea,51.4951000,-0.2061000
loc_1254,Kent,41.1536110,-81.3580560
loc_27245,Keokuk,40.3969600,-91.3845600
loc_68559,Kermanshah,34.3081590,47.0573200
loc_12354,Kerpen,50.8701700,6.7040760
loc_19302,Kerrville,30.0472220,-99.1400000
loc_130720,Ketewel,-8.6334240,115.2787460
loc_10787,Kettering,39.6894440,-84.1688890
loc_2231,Kettering,52.4000000,-0.7166667
loc_150840,Keur Moussa,14.7797080,-17.1099210
loc_209,Key West,24.5552780,-81.7827780
loc_41634,Keyport,40.4340180,-74.1969510
loc_40388,Khabarovsk,48.4767190,135.0940700
loc_117591,Kharkiv,49.9166670,36.3166670
loc_20337,Khartoum,15.5799990,32.5200000
loc_42156,Khemisset,32.8354000,-7.7606000
loc_130485,Khiytola,61.2333330,29.7000000
loc_122744,Khmelnytskyi,49.4166670,27.0000000
loc_44871,Kholmsk,47.0624690,142.0613100
loc_72737,Khon Kaen,16.4391667,102.8288889
loc_45976,Kiato,38.0099330,22.7507540
loc_2997,Kidal,18.4500000,1.4099990
loc_8566,Kidderminster,52.3833333,-2.2500000
loc_4445,Kiel,54.3417280,10.1257530
loc_195,Kiev,50.4300000,30.5200000
loc_42656,Kigali,-1.9541000,30.0595000
loc_35754,Kihniö,62.2036930,23.1784530
loc_7292,Kilkenny,52.6599990,-7.2600000
loc_18176,Killaloe,52.8071100,-8.4565880
loc_7776,Killiney,53.2776880,-6.1355370
loc_5139,Kilmarnock,55.6117111,-4.4958115
loc_41428,Kilsyth,55.9666667,-4.0500000
loc_143099,Kinard,30.2808330,-85.2638890
loc_7980,Kincardine,44.2360620,-81.5482500
loc_23420,Kindia,10.0600000,-12.8699990
loc_51231,Kindu,-2.9509000,25.9251000
loc_4480,King of Prussia,40.0891670,-75.3963890
loc_50823,Kings Creek,34.4839235,-77.4995370
loc_45008,Kingsbarns,56.3000000,-2.6500000
loc_1427,Kingsland,33.8583330,-92.2938890
loc_104,Kingston,41.9269440,-73.9977780
loc_3301,Kingston,41.2616670,-75.8972220
loc_439,Kingston,44.2658050,-76.5037500
loc_594,Kingston,17.9899990,-76.8000030
loc_2360,Kingston upon Hull,53.7166667,-0.3333333
loc_2419,Kingston upon Thames,51.4166667,-0.2833333
loc_18313,Kingstree,33.6675000,-79.8308330
loc_65829,Kingswood,51.4527778,-2.5083333
loc_3868,Kinshasa,-4.3099990,15.3199990
loc_698,Kinston,35.2625000,-77.5819440
loc_28000,Kirbyville,30.6612100,-93.8938600
loc_121035,Kirchberg,47.4125366,9.0424495
loc_2008,Kirkby,53.4833333,-2.9000000
loc_4134,Kirkland,47.6816670,-122.2075000
loc_11549,Kiruna,67.8600000,20.2199990
loc_112167,Kiryat Ata,32.8091440,35.1197730
loc_66279,Kiryat Ono,32.0636110,34.8552780
loc_78453,Kiryat Shmona,33.2075000,35.5697220
loc_60119,Kisangani,0.5192850,25.1961500
loc_74592,Kisbajcs,47.7463324,17.6835131
loc_29133,Kishiwada,34.4666667,135.3666667
loc_98948,Kistarcsa,47.5478480,19.2634441
loc_49740,Kita,32.4166667,130.0166667
loc_17417,Kitakyushu,33.8333333,130.8333333
loc_767,Kitchener,43.4310670,-80.4755080
loc_38150,Kitee,62.1008750,30.1362500
loc_38485,Kitwe,-12.8218800,28.2096700
loc_145813,Kiğı,39.3097220,40.3494440
loc_27417,Klagenfurt,46.6236410,14.3076830
loc_18643,Klagenfurt am Wörthersee,46.6236410,14.3076830
loc_30907,Klatovy,49.2312200,13.5191460
loc_2603,Klein,30.0475000,-95.5322220
loc_29573,Kleve,51.7847450,6.1307400
loc_811,Knoxville,35.9605560,-83.9208330
loc_2261,Kobe,34.6833333,135.1666667
loc_4618,Koblenz,50.3463020,7.5895100
loc_63293,Kobukuro,33.6500000,130.6833333
loc_1901,Kochi,33.5500000,133.5500000
loc_2196,Kodomari,33.9166667,132.4000000
loc_64072,Koekelberg,50.8608236,4.3318180
loc_145737,Koforidua,6.0833330,-0.2500000
loc_54791,Koganei,35.6913889,139.5011111
loc_1218,Kolbotn,59.8040380,10.8013310
loc_62281,Kolda,12.8995200,-14.9442700
loc_7003,Kolkata,22.5435390,88.3342210
loc_100614,Kolokani,13.5833333,-8.0333333
loc_9697,Kolomna,55.0800010,38.7799980
loc_137093,Kolín,50.0280560,15.2005560
loc_88115,Komae,35.6363889,139.5744444
loc_100175,Komatsu,36.4000000,136.4500000
loc_83610,Komló,46.1912770,18.2619150
loc_42117,Kongens Lyngby,55.7944400,12.4644000
loc_35108,Kongetried,47.9806180,10.4555660
loc_28293,Kongsberg,59.5991550,9.6741720
loc_53094,Konin,52.2230334,18.2510729
loc_128362,Konongo,6.6166670,-1.2166670
loc_110613,Korpilombolo,66.8507587,23.0477884
loc_31450,Korsholm,63.1831570,21.3182450
loc_9036,Kortrijk,50.8384820,3.2645480
loc_13664,Kosciusko,33.0575000,-89.5875000
loc_3161,Kotka,60.4700010,26.9300000
loc_90601,Koto,35.6666670,139.8166670
loc_126834,Kotor,42.4300000,18.7700000
loc_95636,Kousseri,12.0833333,15.0333333
loc_35147,Kouvola,60.8679030,26.7040490
loc_139385,Kovvur,17.0170000,81.7310000
loc_38631,Košice,48.7209960,21.2577480
loc_29517,Kraków,50.0552510,19.9274260
loc_13738,Kramatorsk,48.7200010,37.5299980
loc_14063,Kranj,46.2500000,14.3599990
loc_34256,Krasnodar,45.0421490,38.9806400
loc_145592,Krasnoyarsk,56.0088890,92.8719440
loc_1707,Krefeld,51.3317010,6.5593430
loc_3019,Kremenchuk,49.0699990,33.4199980
loc_14576,Kremenets,50.0999980,25.7199990
loc_28528,Kreuzlingen,47.6477130,9.1753460
loc_2652,Kristiansand,58.1500010,7.9899990
loc_5256,Kristiansand,58.1500770,7.9938370
loc_3985,Kristianstad,56.0299980,14.1499990
loc_74575,Križevci,46.0249541,16.5453335
loc_113938,Krompachy,48.9116025,20.8741342
loc_129164,Kroměříž,49.2988890,17.3930560
loc_77229,Kroměříž,49.2989616,17.3906059
loc_21051,Kronberg im Taunus,50.1796830,8.5085960
loc_48521,Krosno,49.6824761,21.7660531
loc_21704,Kuala Lumpur,3.1502100,101.7077030
loc_32822,Kuhmo,64.1265090,29.5104790
loc_139393,Kultham,31.1941140,75.8487020
loc_15193,Kumamoto,32.8000000,130.7166667
loc_58277,Kumasi,6.6871190,-1.6219690
loc_2674,Kungsbacka,57.5099980,12.1000000
loc_18346,Kunming,25.0388889,102.7183333
loc_45704,Kunnakudi,10.1175000,78.7038890
loc_37781,Kuopio,62.8933340,27.6793280
loc_39493,Kurgan,55.4536890,65.3423230
loc_24512,Kurume,33.3166667,130.5166667
loc_86505,Kusel,49.5363250,7.4030350
loc_13937,Kushiro,42.9750000,144.3747222
loc_99483,Kut,32.5147222,45.8188889
loc_78522,Kutaisi,42.2639500,42.7074890
loc_17361,Kutchan,42.9011111,140.7405556
loc_44351,Kuusamo,65.9683920,29.1706540
loc_5201,Kuusankoski,60.9199980,26.6100000
loc_134787,Kvasice,49.2422320,17.4697590
loc_150491,Kvasnikovka,51.3794440,46.0291670
loc_141790,Kyabram,-36.3166670,145.0500000
loc_80714,Kyiv,50.4500000,30.5233330
loc_593,Kyoto,35.0000000,135.7500000
loc_84250,Kysucké Nové Mesto,49.3019440,18.7866296
loc_115291,Kyzyl,51.7100753,94.4502320
loc_151110,Kyzyl-Mazhalyk,51.1450000,90.5833330
loc_42982,Kéla,11.8833330,-8.4500000
loc_86454,Kópavogur,64.1110300,-21.9056920
loc_3759,Köln,50.9406640,6.9599110
loc_59345,Königstein im Taunus,50.1856760,8.4649430
loc_148,København,55.6800000,12.5699990
loc_24520,København,55.7048340,12.4963840
loc_63893,Kırklareli,41.7378000,27.2285000
loc_61608,Kłodzko,50.4345636,16.6613941
loc_119400,Kőtelek,47.3354981,20.4355378
loc_111315,Křemže,48.9049703,14.3056768
loc_18887,L&#39;anse Aux Vachesla,30.4850000,-92.5958330
loc_143708,L&#39;Escale,44.0856608,6.0219084
loc_47999,L&#39;Hospitalet de Llobregat,41.3595830,2.0997040
loc_81539,L&#39;Isle-sur-la-Sorgue,43.9221908,5.0128021
loc_60973,L&#39;viv,49.8373110,24.0345190
loc_43960,L&#39;Épiphanie,45.8481700,-73.5092320
loc_74567,La Baule-Escoublac,47.2947327,-2.3599124
loc_25731,La Chaux-de-Fonds,47.1029160,6.8315650
loc_1153,La Ciotat,43.1740240,5.6042780
loc_133658,La Cisterna,-33.5350000,-70.6641670
loc_45905,La Courneuve,48.9294890,2.3857940
loc_6209,La Crosse,43.8013890,-91.2394440
loc_140634,La Escondida,-27.1039978,-59.4458921
loc_149423,La Esperanza,-24.2238890,-64.8380560
loc_25542,La Florida,-33.5500000,-70.5666670
loc_30038,La Flèche,47.7179770,-0.0612490
loc_146458,La Gaubretière,46.9439000,-1.0636000
loc_103324,La Goulette,36.8180556,10.3050000
loc_749,La Grange,41.8050000,-87.8691670
loc_309,La Habana,23.1168000,-82.3885570
loc_827,La Jolla,32.8472220,-117.2733330
loc_45933,La Laguna,28.4881160,-16.3147760
loc_5486,La Mesa,32.7683330,-117.0416670
loc_74230,La Neuville-aux-Bois,48.9682089,4.8871080
loc_139195,La Paz,10.3869520,-73.1705820
loc_7465,La Paz,-16.4990100,-68.1462480
loc_8777,La Paz,24.1385330,-110.3173790
loc_445,La Plata,-34.9291990,-57.9601290
loc_150602,La Roche-Chalais,45.1293000,0.0494000
loc_4733,La Roche-sur-Yon,46.6693770,-1.4187210
loc_5597,La Rochelle,46.1581010,-1.1536400
loc_23607,La Sarre,48.7975500,-79.2003200
loc_24847,La Seyne-sur-Mer,43.0944680,5.8828610
loc_4684,La Spezia,44.1097430,9.8135480
loc_149632,La Tranche-sur-Mer,46.3444440,-1.4388890
loc_147195,La Trinité,14.7324000,-60.9659000
loc_20713,La Trinité,43.7435650,7.3143830
loc_12511,La Tronche,45.2070370,5.7452470
loc_19679,La Tuque,47.8213400,-73.5516630
loc_39574,La Varenne-Saint-Hilaire,47.1290980,-0.5484810
loc_44991,La-Roche-sur-Foron,46.0672470,6.3127070
loc_36676,La-Trinité-sur-Mer,47.5877990,-3.0281390
loc_98851,Labé,11.6411590,-11.8891721
loc_25724,Lachen,47.1924920,8.8510750
loc_10511,Lachine,45.4448540,-73.6849200
loc_23608,Lachute,45.6558400,-74.3405600
loc_126394,Ladbroke Grove,51.5164950,-0.2092750
loc_29039,Ladera Heights,33.9865920,-118.3702180
loc_653,Ladysmith,-28.5527900,29.7881700
loc_129439,Laeken,50.8666670,4.3500000
loc_2648,Lafayette,40.4172220,-86.8858330
loc_945,Lafayette,30.2238890,-92.0197220
loc_30681,Lagny-sur-Marne,48.8783560,2.7018250
loc_441,Lagoa da Canoa,-9.8308670,-36.7450490
loc_2646,Lagos,6.4499990,3.4700000
loc_2904,Laguna Beach,33.5422220,-117.7822220
loc_8694,Lahore,31.5450500,74.3406830
loc_43110,Lahr,48.3369790,7.8622570
loc_32184,Lahti,60.9825710,25.6616410
loc_96393,Lajas,22.4163889,-80.2905556
loc_35032,Lajatico,43.4762390,10.7290470
loc_1691,Lake Charles,30.2263890,-93.2172220
loc_2610,Lake Forest,33.6469440,-117.6883330
loc_6169,Lake Forest,42.2111110,-87.8866670
loc_4466,Lake Jackson,29.0336110,-95.4341670
loc_1895,Lakehurst,40.0144440,-74.3116670
loc_1863,Lakeland,28.0433330,-81.9566670
loc_37548,Lakeport,39.0435300,-122.9238180
loc_64631,Lalgudi,10.8744050,78.8184432
loc_113682,Lamb,36.7586644,-85.8991446
loc_1071,Lambeth,51.5000000,-0.1166667
loc_35143,Lamezia Terme,38.9744830,16.3180800
loc_97124,Lamotte-du-Rhône,44.2684682,4.6518157
loc_131883,Lana,46.6160700,11.1453190
loc_1016,Lancaster,54.0666667,-2.8333333
loc_2494,Lancaster,40.0377780,-76.3058330
loc_3283,Lancaster,44.4888890,-71.5697220
loc_5154,Lancaster,34.6980560,-118.1358330
loc_19292,Lanciano,42.2331750,14.3913790
loc_63748,Landau in der Pfalz,49.1689080,8.0747380
loc_21839,Langenthal,47.2120960,7.7895940
loc_29404,Langenzenn,49.4940100,10.7942540
loc_18947,Langevåg,62.4380070,6.2228380
loc_138675,Langhko,20.3478000,98.0017000
loc_39174,Langhus,59.7500000,10.8333300
loc_13179,Lannion,48.7411760,-3.4630280
loc_55999,Lannoy,49.7168866,2.9696471
loc_736,Lansdale,40.2413890,-75.2841670
loc_8193,Lansdowne,39.9380560,-75.2722220
loc_1308,Lansing,42.7325000,-84.5555560
loc_32871,Lanús,-34.7000000,-58.4000000
loc_1201,Laon,49.5647460,3.6242450
loc_38117,LaPlace,30.0713590,-90.4764300
loc_27127,Lappeenranta,61.0583240,28.1862140
loc_35697,Lapua,62.9714480,23.0450140
loc_9385,Laramie,41.3113890,-105.5905560
loc_4442,Laredo,27.5061110,-99.5072220
loc_2819,Lares,18.2966670,-66.8775000
loc_85006,Largentière,44.7932650,6.5589809
loc_7675,Larne,54.8500000,-5.8166667
loc_3545,Larvik,59.0425110,10.0528400
loc_21071,Las Cruces,32.3122220,-106.7777780
loc_5880,Las Palmas de Gran Canaria,28.1248230,-15.4300060
loc_1285,Las Vegas,36.1750000,-115.1363890
loc_43449,Lasarte-Oria,43.2674540,-2.0201690
loc_48214,Laterrière,48.3064530,-71.1120220
loc_12146,Latina,55.1741000,23.9600710
loc_2542,Latrobe,40.3211110,-79.3797220
loc_124315,Laugarbakki,65.3341500,-20.8832200
loc_11613,Laurel,31.6938890,-89.1305560
loc_3858,Laurens,34.4988890,-82.0144440
loc_16726,Laurinburg,34.7738890,-79.4630560
loc_4713,Lausanne,46.5220650,6.6251150
loc_29521,Laval,48.0704320,-0.7735640
loc_5384,Laval,45.5817440,-73.7467080
loc_1442,Lawrence,42.7069440,-71.1636110
loc_2950,Lawrence,38.9716670,-95.2350000
loc_9153,Lawrenceville,33.9561110,-83.9880560
loc_166,Lawton,34.6086110,-98.3900000
loc_124892,Layou,13.2033330,-61.2686110
loc_16228,Le Blanc-Mesnil,49.9023610,0.9612610
loc_68744,Le Chesnay,48.8187525,2.1310978
loc_126062,Le Châtelet,46.6423800,2.2835650
loc_16456,Le Creusot,46.7995180,4.4398400
loc_37166,Le Creusot,46.8067030,4.4279610
loc_79647,Le Faouët,48.0318257,-3.4901081
loc_189,Le Havre,49.4926170,0.1065030
loc_20440,Le Havre,49.4925910,0.1065030
loc_65353,Le Juch,48.0661453,-4.2555106
loc_13077,Le Mans,48.0221710,0.2106370
loc_98818,Le Moule,16.3306000,-61.3444000
loc_24042,Le Perreux-sur-Marne,48.8396820,2.5078520
loc_4397,Le Plessis-Bouchard,49.0009960,2.2404930
loc_129586,Le Puy-en-Velay,45.0441670,3.8858330
loc_19475,Le Tampon,-21.2700000,55.5299980
loc_46088,Le Touquet-Paris-Plage,50.5209250,1.5863720
loc_63785,Le Vauclin,14.5456332,-60.8391304
loc_16368,Le Vésinet,48.8922460,2.1346190
loc_10437,Leamington,52.3000000,-1.5333333
loc_4025,Leavenworth,39.3111110,-94.9222220
loc_10050,Lebanon,39.4352780,-84.2030560
loc_37509,Lebanon,43.6428950,-72.2516240
loc_61029,Lebrija,36.9195115,-6.0783670
loc_10241,Lecce,40.3532910,18.1740150
loc_72913,Lee County,36.7075931,-83.0361376
loc_5836,Lee&#39;s Summit,38.9108330,-94.3819440
loc_108,Leeds,53.8000000,-1.5833333
loc_6891,Leesburg,39.1155560,-77.5638890
loc_3911,Leeuwarden,53.1990320,5.7873160
loc_64992,Lefkada,38.8104650,20.6503560
loc_18978,Lehigh Valley,40.5819440,-75.4716670
loc_296,Leicester,52.6333333,-1.1333333
loc_75979,Leichlingen,51.1166670,7.0166670
loc_5580,Leiden,52.1624180,4.4977690
loc_53794,Leiderdorp,52.1614471,4.5313489
loc_2034,Leigh,53.4833333,-2.5166667
loc_2423,Leigh-on-Sea,51.5500000,0.6666667
loc_2986,Leighton,34.7008330,-87.5288890
loc_2012,Leighton Buzzard,51.9166667,-0.6500000
loc_1922,Leipzig,51.3456040,12.5206680
loc_32478,Leksand,60.7320050,14.9972430
loc_62176,Lekunberri,43.0013040,-1.8919162
loc_746,Leland,33.4052780,-90.8975000
loc_143910,Lemieux,46.3000000,-72.1200000
loc_1224,Lemon Grove,32.7425000,-117.0305560
loc_127133,Lengyeltóti,46.6682900,17.6360600
loc_15119,Lenoir City,35.7972220,-84.2561110
loc_140147,Lenow,35.1888500,-89.7270720
loc_47462,Lenox,42.3568000,-73.2852130
loc_10442,Lens,50.4330360,2.8279950
loc_28782,Lenzburg,47.3878180,8.1798260
loc_14200,Leominster,42.5250000,-71.7602780
loc_3376,Leona,31.1544440,-95.9688890
loc_23338,Leporano,40.3830060,17.3341810
loc_143919,Lepsény,46.9917000,18.2466800
loc_125602,Lercara Friddi,37.7466930,13.5984320
loc_129249,Lerdo,25.5333330,-103.5166670
loc_2355,Lerwick,60.1500000,-1.1500000
loc_140127,Les Abymes,16.2713410,-61.5048750
loc_142032,Les Brenets,47.0666670,6.7000000
loc_18311,Les Lilas,48.8796220,2.4157070
loc_24465,Les Sables-d&#39;Olonne,46.4959700,-1.7713490
loc_73007,Lesneven,48.5716422,-4.3232234
loc_30259,Lesquin,50.5884150,3.1115120
loc_26569,Lessines,50.7121260,3.8305160
loc_141691,Lestre,49.4906000,-1.2816000
loc_22996,Letterkenny,54.9399980,-7.7399990
loc_3280,Lettsworth,30.9333330,-91.7047220
loc_20243,Leuven,50.8968050,4.7026520
loc_5184,Leuven,50.8775710,4.7043280
loc_37587,Levallois-Perret,48.8943440,2.2883400
loc_1620,Lewes,50.8666667,-0.0166667
loc_67184,Lewin Brzeski,50.7482900,17.6188000
loc_14481,Lewisburg,40.9644440,-76.8847220
loc_2162,Lewisham,51.4500000,-0.0166667
loc_7364,Lewiston,46.4166670,-117.0166670
loc_1273,Lexington,30.4188890,-97.0113890
loc_1434,Lexington,38.0491670,-84.5002780
loc_2533,Lexington,39.1847220,-93.8797220
loc_3698,Lexington,37.7838890,-79.4430560
loc_6695,Lexington,33.9813890,-81.2363890
loc_8038,Lexington,35.8238890,-80.2536110
loc_37258,Leyton,51.5666667,-0.0166667
loc_6947,León,21.1236190,-101.6804960
loc_84443,Lgov,51.6316795,35.2622602
loc_16538,Liaoyang,41.2719444,123.1730556
loc_12416,Liberchies,50.5143190,4.4223240
loc_22645,Liberty,41.8011110,-74.7469440
loc_127156,Libramont-Chevigny,49.9166670,5.3833330
loc_84884,Libreville,0.3908410,9.4536440
loc_21406,Licata,37.1022870,13.9374540
loc_388,Lichtenvoorde,51.9897880,6.5786960
loc_31384,Lidingö,59.3667300,18.1337030
loc_9864,Lier,51.1390420,4.5738930
loc_63418,Lignières,46.7515694,2.1769378
loc_28083,Lilbourn,36.5941000,-89.6150600
loc_5758,Lille,50.6371830,3.0630170
loc_677,Lille,50.6371820,3.0630170
loc_2908,Lillestrøm,59.9807700,11.2595700
loc_8793,Lilongwe,-13.9700000,33.7999990
loc_1352,Lima,40.7425000,-84.1052780
loc_1849,Lima,-12.0699990,-77.0500030
loc_94072,Lima,-12.0930840,-77.0464910
loc_117156,Limache,-33.0095280,-71.2595890
loc_33757,Limburg,50.3740690,8.1221670
loc_23159,Limburg an der Lahn,50.3977710,8.0591540
loc_970,Limerick,52.6699980,-8.6300000
loc_11959,Limoges,45.8285220,1.2617460
loc_423,Limoges,45.8285230,1.2617460
loc_87725,Linares,24.8578699,-99.5663284
loc_8972,Linares,38.0900740,-3.6249810
loc_1123,Lincoln,40.8000000,-96.6666670
loc_6634,Lincoln,53.2333333,-0.5333333
loc_3093,Linden,33.0122220,-94.3652780
loc_4181,Linden,40.6219440,-74.2450000
loc_73933,Lindesberg,59.5921552,15.2294999
loc_20409,Linköping,58.4157670,15.6254410
loc_38860,Linköping,58.4157550,15.6254190
loc_59376,Linselles,50.7385392,3.0783090
loc_46633,Linstead,18.1662740,-77.0420540
loc_9971,Linwood,39.3397220,-74.5755560
loc_21111,Linz,48.3060580,14.2862140
loc_41021,Lipcani,48.2707060,26.7995820
loc_14044,Liphook,51.0666667,-0.8000000
loc_73,Lisboa,38.7200010,-9.1400000
loc_17020,Lisieux,49.1465880,0.2292720
loc_456,Lismore,-28.8147510,153.2902070
loc_717,Little Rock,34.7463890,-92.2894440
loc_1343,Littlefield,33.9172220,-102.3244440
loc_11058,Littlehampton,50.8000000,-0.5333333
loc_217,Littleton,39.6133330,-105.0161110
loc_70,Liverpool,53.4166667,-3.0000000
loc_2458,Livingston,55.8833333,-3.5333333
loc_5030,Livingston,40.7958330,-74.3152780
loc_108634,Livingstone,-17.8313420,25.8594811
loc_1794,Livonia,42.3683330,-83.3527780
loc_4676,Livorno,42.9740520,10.2937680
loc_71754,Livry-Gargan,48.9165569,2.5315429
loc_119830,Lixouri,38.2022209,20.4369672
loc_12215,Liège,50.6225320,5.5694360
loc_641,Ljubljana,46.0600010,14.5100000
loc_120998,Ljutomer,46.5185901,16.1952899
loc_89583,Llanegryn,52.6166667,-4.0666667
loc_8580,Llanelli,51.6761111,-4.1566667
loc_124201,Llanfyllin,52.7500000,-3.2500000
loc_123657,Llanidloes,52.4666667,-3.5333333
loc_12860,Llano,30.7591670,-98.6747220
loc_129648,Llanon,52.2833333,-4.1833333
loc_56218,Loches,47.1292416,0.9985767
loc_11271,Locust Ridge,35.8680560,-83.5619440
loc_417,Lodi,40.8822220,-74.0836110
loc_8194,Lodi,38.1302780,-121.2713890
loc_31766,Logan,41.6430670,-95.7891500
loc_128434,Loguivy-Plougras,48.5228000,-3.4867000
loc_38135,Lohja,60.2496020,24.0655550
loc_2479,Lohne,52.6652720,8.2479990
loc_83756,Lokossa,6.6333333,1.7166667
loc_49870,Lokutu,1.0979000,23.6299000
loc_27553,Lomma,55.6723080,13.0684780
loc_92309,Lomnice nad Popelkou,50.5310733,15.3729016
loc_117244,Lomonosov,59.9061190,29.7559470
loc_70558,Lomé,6.1377778,1.2125000
loc_497,London,42.9764270,-81.2496590
loc_82,London,51.5000000,-0.1166667
loc_3125,Londrina,-23.3047500,-51.1697620
loc_2567,Long Beach,40.5833330,-73.6663890
loc_84,Long Beach,33.7669440,-118.1883330
loc_1458,Long Branch,40.3041670,-73.9927780
loc_20584,Long Eaton,52.9000000,-1.2666667
loc_1357,Long Island City,40.7447220,-73.9491670
loc_1538,Longjumeau,48.6926450,2.2935600
loc_5083,Longueuil,45.5261440,-73.3469990
loc_150018,Longuyon,49.4450000,5.5997220
loc_3416,Longview,32.5005560,-94.7402780
loc_44807,Longwy,49.5145280,5.7692640
loc_22592,Lorca,37.6713080,-1.6987920
loc_15141,Lorient,47.7500680,-3.3662880
loc_52,Los Angeles,34.0522220,-118.2427780
loc_200,Los Gatos,37.2266670,-121.9736110
loc_126258,Los Palmitos,9.3809840,-75.2713810
loc_140881,Lost Springs,42.7658330,-104.9269440
loc_17478,Lostwithiel,50.4033333,-4.6675000
loc_79367,Loudéac,48.1764809,-2.7527953
loc_37,Louisville,38.2541670,-85.7594440
loc_27142,Lourdes,43.0980920,-0.0455580
loc_23334,Louviers,49.2148760,1.1688210
loc_132682,Loučná nad Desnou,50.0697220,17.0913890
loc_1387,Lowell,42.6333330,-71.3166670
loc_118198,Lower Broadheath,52.2150000,-2.2854400
loc_8714,Lower Hutt,-41.2031210,174.9349980
loc_962,Lowestoft,52.4833333,1.7500000
loc_109345,Luanco,43.6146284,-5.7933438
loc_9892,Luanda,-8.8135130,13.2374760
loc_119954,Luanshya,-13.0781829,28.4396756
loc_703,Lubbock,33.5777780,-101.8547220
loc_46395,Lubin,51.3968520,16.2200390
loc_11401,Lublin,51.1542020,21.9723000
loc_42931,Lubumbashi,-11.6700000,27.4857000
loc_68464,Lubumbashi,-11.6626300,27.4797190
loc_151097,Luc-en-Diois,44.6158360,5.4515230
loc_12356,Lucca,43.8430140,10.5079940
loc_23483,Lucerne,47.0456560,8.3082360
loc_1786,Lucknow,26.8494300,80.9197240
loc_96878,Lucé,48.4395750,1.4668950
loc_5494,Ludlow,42.1600000,-72.4763890
loc_3933,Ludvika,60.1399990,15.1800000
loc_15379,Ludwigsburg,48.9019110,9.1932650
loc_16971,Ludwigshafen,49.4807390,8.4412420
loc_4428,Ludwigshafen am Rhein,49.4807390,8.4412420
loc_112334,Lufu-Toto,-5.4478987,14.7608448
loc_22916,Lugano,46.0035910,8.9533970
loc_3119,Lugo,43.0395430,-7.4060700
loc_20715,Lugoff,34.2272220,-80.6894440
loc_120554,Luhansk,48.5740410,39.3078150
loc_7703,Luhansk,48.5732690,39.3556590
loc_48684,Luleå,65.6457530,22.0281699
loc_70422,Lumezzane,45.6496313,10.2618342
loc_2491,Lund,55.7099990,13.1999990
loc_30202,Luray,38.6272690,-78.4042300
loc_946,Lusaka,-15.4200000,28.2900000
loc_5512,Lutherville,39.4211110,-76.6263890
loc_1078,Luton,51.8833333,-0.4166667
loc_118777,Lutsk,50.7472330,25.3253830
loc_389,Luttrell,36.1994440,-83.7419440
loc_121353,Luumäki,60.9225449,27.5693141
loc_20670,Luxembourg,49.6100040,6.1295960
loc_1535,Luzern,47.0576710,8.3030790
loc_30544,Lviv,49.8385300,24.0235200
loc_69549,Lviv,49.8500000,24.0166667
loc_25444,Lymington,50.7500000,-1.5500000
loc_1438,Lynchburg,37.4136110,-79.1425000
loc_3722,Lyndhurst,40.8119440,-74.1247220
loc_70105,Lyndon,38.6100099,-95.6844290
loc_7366,Lynn,42.4666670,-70.9500000
loc_27413,Lyon,34.2189550,-90.5432080
loc_686,Lyon,45.7673060,4.8343930
loc_36923,Lytham St Annes,53.7426000,-2.9970000
loc_140724,Léogâne,18.5126527,-72.6307085
loc_12608,Lévis,46.7383330,-71.2382250
loc_54289,Löbau,51.0970911,14.6656372
loc_12721,Lörrach,47.6193680,7.6592380
loc_51489,Lørenskog,59.9289379,10.9549258
loc_15864,Løten,51.5716990,5.2384860
loc_13731,Lü,49.8257550,6.0569610
loc_12875,Lübeck,53.8695640,10.6875800
loc_20942,Lüdenscheid,51.2154680,7.6350700
loc_37727,Lünen,51.6181170,7.5245240
loc_70776,M&#39;banza-Kongo,-6.2666667,14.2500000
loc_121473,Ma&#39;alot-Tarshiha,32.9957320,35.2792550
loc_1730,Maastricht,50.8531910,5.6769210
loc_5712,Mableton,33.8186110,-84.5825000
loc_20607,Mabou,46.0738590,-61.3945770
loc_17895,Macaé,-22.3877200,-41.7744900
loc_2015,Macclesfield,53.2500000,-2.1166667
loc_3199,Maceió,-9.6639380,-35.7381040
loc_62358,Maces Spring,36.6740500,-82.4025050
loc_39691,Machado,-17.1166670,-42.2166670
loc_8807,Machida,35.5402778,139.4508333
loc_13219,Mackay,-21.1493020,149.1833700
loc_1634,Macon,32.8405560,-83.6325000
loc_404,Madison,43.0730560,-89.4011110
loc_17,Madrid,40.4438370,-3.6351170
loc_36316,Madurai,9.9139860,78.1217270
loc_26318,Maebashi,36.3833333,139.0666667
loc_1767,Magdeburg,52.1309550,11.6367000
loc_67287,Magenta,45.4682315,8.8809736
loc_30734,Magog,45.2666640,-72.1555130
loc_141824,Magong,23.5666670,119.5833330
loc_147113,Mahébourg,-20.4000000,57.7000000
loc_5984,Maidenhead,51.5166667,-0.7000000
loc_2107,Maidstone,51.2666667,0.5166667
loc_15029,Mailly-le-Château,47.5971870,3.6399610
loc_11784,Mainz,49.9654730,8.2429500
loc_5092,Mainz,49.9957280,8.2676750
loc_115039,Maipú,-33.5166670,-70.7666670
loc_17608,Maisons-Alfort,48.8057380,2.4408620
loc_16367,Maisons-Laffitte,48.9470480,2.1464690
loc_31536,Maisons-Lafitte,48.8007850,2.4446650
loc_130870,Majdal Shams,33.2666670,35.7666670
loc_124269,Makati,14.5500000,121.0333330
loc_128929,Makkovik,55.0897888,-59.1994720
loc_125494,Makouda,36.7909150,4.0669160
loc_12788,Makó,46.2200010,20.4699990
loc_32338,Malakoff,48.8143240,2.2879040
loc_138999,Malda,25.0107840,88.1411390
loc_3838,Malden,42.4250000,-71.0666670
loc_4369,Malibu,34.0050000,-118.8091670
loc_25734,Malmedy,50.4600480,6.0721520
loc_1519,Malmö,55.6100000,13.0200000
loc_2963,Malone,44.8486110,-74.2952780
loc_39397,Malvern,52.1077000,-2.3250000
loc_9123,Malvern,34.3622220,-92.8127780
loc_138803,Malème,13.8169740,-13.9186150
loc_45054,Mamaroneck,40.9486970,-73.7330370
loc_141284,Mamma Cannes,12.0666670,-61.6500000
loc_39124,Managua,12.1474600,-86.2733900
loc_2949,Manchester,41.7758330,-72.5219440
loc_3568,Manchester,42.9955560,-71.4552780
loc_54,Manchester,53.5000000,-2.2166667
loc_24691,Mandeville,18.0396600,-77.5132830
loc_107758,Mangalia,43.8172222,28.5827778
loc_861,Mangualde,40.5999980,-7.7600000
loc_120209,Manguito,22.5870991,-80.9138608
loc_1480,Manhattan,40.7591670,-73.9802780
loc_2505,Manila,14.6199990,120.9700010
loc_1426,Manitowoc,44.0886110,-87.6575000
loc_36469,Maniwaki,46.3751110,-75.9814930
loc_2818,Mankato,44.1636110,-93.9991670
loc_3902,Mannford,36.1333330,-96.3541670
loc_1496,Mannheim,49.4845400,8.4767090
loc_147776,Manouba,36.8077780,10.1011110
loc_2081,Mansfield,53.1333333,-1.2000000
loc_6251,Mansfield,32.5630560,-97.1413890
loc_932,Mansfield,40.7583330,-82.5155560
loc_10761,Manteca,37.7975000,-121.2150000
loc_15737,Mantes-la-Jolie,48.9903560,1.7193640
loc_3781,Mantova,45.1850260,10.7745180
loc_93907,Manzanillo,20.3443510,-77.1131670
loc_9507,Maplewood,40.7738890,-74.2738890
loc_13473,Maputo,-25.9500000,32.5699990
loc_5917,Mar del Plata,-37.9948500,-57.5667500
loc_5798,Maracaibo,10.6450400,-71.6371540
loc_7116,Maracay,10.2446200,-67.5937420
loc_132046,Maraial,-8.7850000,-35.8116670
loc_146140,Maranda,-21.1500000,30.3180560
loc_16003,Marburg,50.8147880,8.7692400
loc_41280,Marco de Canaveses,41.1833333,-8.1500000
loc_59374,Mareuil-sur-Ay,49.0461566,4.0402235
loc_1885,Margate,51.3833333,1.4166667
loc_14643,Margherita di Savoia,41.3753330,16.1511110
loc_32387,Maria,37.7111020,-2.1657950
loc_42543,Mariana,-20.3784600,-43.4164190
loc_118681,Marianao,23.0695663,-82.4211025
loc_1748,Marianna,34.7736110,-90.7575000
loc_3676,Marianna,30.7741670,-85.2269440
loc_119198,Mariano Comense,45.6981773,9.1824505
loc_4337,Maribor,46.5499990,15.6400000
loc_427,Marietta,33.9525000,-84.5500000
loc_95917,Marieville,45.4328120,-73.1601000
loc_46401,Marino,41.7698040,12.6585280
loc_22514,Marion,40.5583330,-85.6591670
loc_6190,Mariupol,47.0999980,37.5499990
loc_57662,Mariánské Lázně,49.9646803,12.7012230
loc_5271,Markham,43.8240830,-79.3054910
loc_15479,Marksville,31.1277780,-92.0661110
loc_80564,Marktoberdorf,47.7774947,10.6180811
loc_16235,Marl,51.6517510,7.0884640
loc_77184,Marlboro,42.8594400,-72.7263900
loc_4438,Marlin,31.3061110,-96.8977780
loc_20594,Marlow,51.5666667,-0.7666667
loc_59703,Marly-le-Roi,48.8667225,2.0933641
loc_10415,Marmande,44.5027770,0.1627480
loc_78775,Marondera,-18.1925390,31.5561010
loc_80287,Maroua,10.6087174,14.3268266
loc_16523,Marrakech,31.6299990,-8.0000000
loc_18728,Mars Hill,35.8263890,-82.5494440
loc_15842,Marsala,37.7984260,12.4374510
loc_51,Marseille,43.2983270,5.3832190
loc_61193,Marsens,46.6558350,7.0643230
loc_1386,Marshall,39.1230560,-93.1966670
loc_30796,Marshall,44.4469310,-95.7887240
loc_12428,Marshville,34.9883330,-80.3672220
loc_149783,Marston Green,52.4500000,-1.7500000
loc_60171,Martigues,43.4074625,5.0548299
loc_3972,Martinsville,36.6913890,-79.8727780
loc_86300,Maryland,42.5364661,-74.8865453
loc_58632,Marylebone,51.5166700,-0.1483300
loc_1399,Marysville,39.8411110,-96.6469440
loc_130424,Mashava,-20.0500000,30.4666670
loc_151194,Masomeloka,-20.2799110,48.6258250
loc_81951,Mason,42.5792027,-84.4435845
loc_1290,Massapequa,40.6805560,-73.4747220
loc_754,Massillon,40.7966670,-81.5216670
loc_33637,Masterton,-40.9489490,175.6607640
loc_40422,Matadi,-5.8370500,13.4501200
loc_23657,Matamoros,25.8611700,-97.5021900
loc_17115,Matane,48.8256950,-67.5070880
loc_3332,Matanzas,23.0599990,-81.5800010
loc_81302,Matanzas,23.0500510,-81.5650330
loc_14880,Matera,35.9461530,14.3846040
loc_25395,Matlock,53.1333333,-1.5333333
loc_49103,Matsumoto,36.2333333,137.9666667
loc_121980,Matsushima,35.6500000,136.0666667
loc_69622,Matsuyama,33.8363889,132.7530556
loc_90919,Matthew Town,20.9500000,-73.6666667
loc_143774,Matzleinsdorf,48.1825854,16.3581841
loc_4872,Maubeuge,50.2787010,3.9728240
loc_4243,Maud,35.1316670,-96.7775000
loc_13822,May Pen,17.9692800,-77.2433010
loc_3447,Mayagüez,18.2030560,-67.1400000
loc_64489,Mayen,50.3270999,7.2246910
loc_126755,Mayet,47.7597220,0.2758330
loc_2959,Maynardville,36.2505560,-83.7975000
loc_3142,Maysville,38.6411110,-83.7444440
loc_73502,Mayumba,-3.4253220,10.6571870
loc_1380,Maywood,41.8791670,-87.8430560
loc_1932,Maywood,33.9866670,-118.1844440
loc_30760,Mazatlán,23.2267460,-106.4075510
loc_42481,Maël-Carhaix,48.2840710,-3.4232350
loc_109915,Maó,39.8896250,4.2642421
loc_50829,Małków,50.6499822,24.0225662
loc_124504,Mbanga,4.5091670,9.5680560
loc_132792,Mbata,4.6330000,20.7000000
loc_9323,McAlester,34.9333330,-95.7694440
loc_10824,McAllen,26.2030560,-98.2297220
loc_792,McComb,31.2436110,-90.4530560
loc_62930,McIntosh,31.8257673,-81.5237220
loc_137730,McKean,41.9988890,-80.1455560
loc_2843,McKeesport,40.3383330,-79.8397220
loc_52968,McLellan,30.9865220,-86.8861680
loc_22999,McMasterville,45.5496090,-73.2298710
loc_20540,Meaux,48.9576950,2.8818190
loc_6082,Mechanicsburg,40.2141670,-77.0088890
loc_4029,Mechanicsville,37.6086110,-77.3736110
loc_10938,Mechelen,51.0269090,4.4776570
loc_5901,Medellín,6.2359250,-75.5751370
loc_7412,Medford,42.4183330,-71.1066670
loc_32212,Media,39.9165920,-75.3878520
loc_15091,Medina,43.2200000,-78.3872220
loc_6992,Medina,41.1226680,-81.8440880
loc_123721,Medstead,51.1166667,-1.0666667
loc_127979,Medway,51.3900000,0.5400000
loc_59413,Meerut,28.9916100,77.7036970
loc_24247,Meguro,42.1333333,143.3166667
loc_139029,Mehan,36.0447670,-96.9426680
loc_780,Meherrin,37.0958330,-78.3822220
loc_39783,Meißen,51.1592590,13.4718320
loc_65668,Meknès,33.9038700,-5.5574500
loc_1505,Melbourne,28.0786110,-80.6027780
loc_344,Melbourne,-37.8529590,145.0751040
loc_14637,Melun,48.5414570,2.6602930
loc_23,Memphis,35.1494440,-90.0488890
loc_93213,Mendionde,43.3399910,-1.2982910
loc_444,Mendoza,-32.8899990,-68.8300010
loc_5533,Mendoza,-32.8974420,-68.8297270
loc_3063,Menlo Park,37.4538890,-122.1811110
loc_130169,Menstrie,56.1508500,-3.8543800
loc_841,Menton,43.7788470,7.5056660
loc_1298,Mentor,41.6661110,-81.3397220
loc_117428,Menzel Bourguiba,37.1500000,9.7833333
loc_38951,Menzel Bourguiba,37.1500000,9.7833330
loc_146423,Meols,53.4014000,-3.1553000
loc_38244,Meppen,52.7419210,7.2604120
loc_129171,Meriden,52.4333333,-1.6166667
loc_929,Meridian,32.3641670,-88.7036110
loc_9288,Merrick,40.6627780,-73.5519440
loc_3384,Merseburg,51.3572140,11.9922990
loc_5280,Mersin,36.8100010,34.6300010
loc_8549,Merthyr Tydfil,51.7500000,-3.3833333
loc_31029,Merton,52.5500000,0.8166667
loc_1251,Mesa,33.4222220,-111.8219440
loc_61625,Meschede,51.3450762,8.2831404
loc_259,Mesquite,32.7666670,-96.5988890
loc_6566,Metairie,29.9838890,-90.1527780
loc_765,Methuen,42.7261110,-71.1913890
loc_1905,Metz,49.1161270,6.1726950
loc_4683,Metz,49.1161270,6.1726950
loc_2488,Mexia,31.6797220,-96.4819440
loc_123711,Mhondoro,-18.5688460,30.6791500
loc_86,Miami,25.7738890,-80.1938890
loc_900,Miami,36.8744440,-94.8772220
loc_1340,Miami Beach,25.7902780,-80.1302780
loc_5068,Middlebury,44.0152780,-73.1677780
loc_1127,Middlesbrough,54.5727778,-1.1627778
loc_1110,Middleton,53.5500000,-2.2000000
loc_3583,Middletown,40.3941670,-74.1175000
loc_4411,Middletown,41.5622220,-72.6511110
loc_5653,Midland,44.7467140,-79.8875590
loc_9256,Midland,43.6155560,-84.2472220
loc_41399,Mikalayi,-6.0225000,22.3194440
loc_30851,Mikhaylovsk,56.4421310,59.1289100
loc_38102,Mikkeli,61.6885250,27.2721710
loc_3014,Milano,45.4518630,9.1287480
loc_26812,Milford Haven,51.7166667,-5.0333333
loc_148199,Milk River,17.8837383,-77.3402133
loc_2978,Mill Valley,37.9061110,-122.5438890
loc_17929,Millbrae,37.5986110,-122.3861110
loc_18457,Millbrook,41.7850000,-73.6944440
loc_5118,Milledgeville,33.0800000,-83.2322220
loc_23371,Millersville,40.0034500,-76.3565900
loc_27970,Millwood,41.1870300,-73.8047700
loc_21936,Milly-la-Forêt,48.4031780,2.4704400
loc_8479,Milton Keynes,52.0333333,-0.7000000
loc_21,Milwaukee,43.0388890,-87.9063890
loc_38424,Minato,37.4500000,137.0666667
loc_3154,Mindelo,16.8899990,-24.9899990
loc_1912,Minden,32.6152780,-93.2866670
loc_4390,Minden,52.2903940,8.9223660
loc_8401,Minehead,51.2052778,-3.4772222
loc_24466,Mineola,34.3133300,-94.0305600
loc_2928,Mineola,40.7491670,-73.6411110
loc_109,Minneapolis,44.9800000,-93.2636110
loc_1478,Minot,48.2383330,-101.2966670
loc_141089,Minsk,53.9000000,27.5666670
loc_17428,Minsk,53.8999400,27.5755690
loc_24680,Minter City,33.7620900,-90.3050900
loc_89387,Miracatu,-24.2870334,-47.4584356
loc_72613,Miramas,43.5798759,5.0032716
loc_20289,Mirante do Paranapanema,-22.2973100,-51.9098890
loc_22641,Mirfield,53.6666667,-1.6833333
loc_1627,Mishawaka,41.6619440,-86.1586110
loc_11657,Miskolc,48.0999980,20.7900000
loc_6556,Mission,49.2025120,-122.4241530
loc_8028,Mission Viejo,33.6000000,-117.6711110
loc_1429,Mississauga,43.6873100,-79.6041590
loc_1332,Missoula,46.8722220,-113.9930560
loc_42025,Mitane,40.1016670,140.0047220
loc_2025,Mitcham,51.4000000,-0.1666667
loc_35525,Mito,36.3666667,140.4666667
loc_100304,Miyako,39.6366667,141.9525000
loc_64516,Miyakonojo,31.7333333,131.0666667
loc_21040,Miyazaki,31.9000000,131.4333333
loc_44932,Miyazu,35.5333333,135.1833333
loc_50834,Międzyrzec Podlaski,51.9853496,22.7848432
loc_23892,Mjøndalen,59.7568340,10.0313420
loc_49764,Mladá Boleslav,50.4107450,14.9028046
loc_2840,Mobile,30.6941670,-88.0430560
loc_47577,Mocho,18.0500000,-77.3500000
loc_3599,Modena,44.5384570,10.9195000
loc_1358,Modesto,37.6391670,-120.9958330
loc_75806,Moffans,47.6295779,6.5519350
loc_109211,Mogadishu,2.0333333,45.3500000
loc_51476,Moisenay,48.5631559,2.7360938
loc_12915,Molde,62.7358090,7.1643770
loc_19303,Molenbeek-Saint-Jean,50.8577870,4.3157540
loc_4283,Molfetta,41.2012640,16.5985370
loc_15653,Molina de Segura,38.0509210,-1.2109920
loc_92551,Molières-sur-Cèze,44.1936070,1.3637649
loc_3803,Mombasa,-4.0399990,39.6599990
loc_9416,Monaco,43.7326040,7.4189360
loc_751,Monahans,31.5941670,-102.8922220
loc_17239,Moncalieri,44.9993620,7.6800640
loc_1166,Moncton,46.1074740,-64.8028320
loc_269,Mondeville,49.1754040,-0.3229880
loc_69527,Monessen,40.1484053,-79.8878254
loc_1150,Monfalcone,45.8096480,13.5328550
loc_146286,Monnetier-Mornex,46.1665000,6.1997000
loc_1136,Monroe,32.5091670,-92.1191670
loc_1244,Monroe,41.9163890,-83.3977780
loc_18037,Monroe,47.8555560,-121.9697220
loc_14558,Monrovia,6.3099990,-10.8000000
loc_7484,Mons,50.4456100,3.9387360
loc_68286,Monselice,45.2324948,11.7473193
loc_36709,Monsummano Terme,43.8714260,10.8134630
loc_4741,Mont-de-Marsan,43.8909700,-0.4979020
loc_69175,Mont-Royal,45.5162150,-73.6431640
loc_17754,Mont-Saint-Aignan,49.4689930,1.0900970
loc_79885,Montagnac,43.4808208,3.4841271
loc_147275,Montalieu-Vercieu,45.8150000,5.4044000
loc_1199,Montargis,47.9960980,2.7326850
loc_30002,Montaud,45.2628230,5.5608780
loc_27149,Montblanc,43.3973700,3.3653320
loc_600,Montbrison,45.6088410,4.0647470
loc_35704,Montbéliard,47.5118730,6.7997130
loc_71714,Montcada i Reixac,41.4823096,2.1885045
loc_107400,Montcalm,37.3540054,-81.2525993
loc_53979,Montceau-les-Mines,46.6754246,4.3656505
loc_1567,Montclair,40.8258330,-74.2094440
loc_13244,Monte-Carlo,43.2710030,13.7522960
loc_2493,Montebello,34.0094440,-118.1044440
loc_40805,Montegnée,50.6500000,5.5167000
loc_40963,Montego Bay,18.4693600,-77.9213870
loc_5321,Monterrey,25.6855350,-100.3111500
loc_81899,Montería,8.7500000,-75.8833333
loc_26659,Montes Claros,-16.7370140,-43.8647390
loc_40129,Montesano,47.0072980,-123.5864360
loc_10645,Montevallo,33.1005560,-86.8641670
loc_3912,Montevideo,-34.8939000,-56.1568400
loc_850,Montevideo,-34.8699980,-56.1699980
loc_36111,Montfaucon,44.6855620,1.5608920
loc_64880,Montfermeil,48.9001868,2.5671038
loc_261,Montgomery,32.3666670,-86.3000000
loc_2735,Monticello,31.5536110,-90.1072220
loc_316,Monticello,33.3047220,-83.6833330
loc_50708,Monticello,38.9988890,-94.8438890
loc_36769,Montigny-lès-Metz,49.1011320,6.1560800
loc_130357,Montluel,45.7407000,5.4959000
loc_12705,Montluçon,46.3423720,2.6075740
loc_13698,Montluçon,46.3423720,2.6075740
loc_17197,Montmorency,48.9890590,2.3193090
loc_216,Montpellier,43.6085300,3.8792700
loc_4732,Montpellier,43.6085290,3.8792690
loc_16748,Montreuil,50.4628850,1.7603300
loc_4819,Montreuil-sous-Bois,48.8622790,2.4415050
loc_19333,Montreux,46.4313250,6.9106150
loc_13881,Montrouge,48.8184640,2.3199300
loc_262,Montréal,45.5123630,-73.6756270
loc_24230,Montélimar,44.5586870,4.7509300
loc_11195,Moorhead,46.8738890,-96.7672220
loc_12357,Mooringsport,32.6875000,-93.9608330
loc_10918,Moorpark,34.2855560,-118.8811110
loc_132497,Moosa,29.9783818,75.3193530
loc_43375,Mopti,14.4776000,-4.1970000
loc_108214,Morant Bay,17.8886522,-76.3897733
loc_140605,Moravská Třebová,49.7579535,16.6638771
loc_19348,Morbio Inferiore,45.8520980,9.0164990
loc_1413,Morden,49.1912340,-98.1109430
loc_92954,Moret-sur-Loing,48.5958600,2.5809870
loc_8417,Moreton,53.4000000,-3.1166667
loc_4374,Morganton,35.7452780,-81.6850000
loc_3967,Morgantown,39.6316670,-79.9533330
loc_65653,Morges,46.5110980,6.4999560
loc_1888,Morlaix,48.5769710,-3.8275540
loc_94790,Mornington,-38.2199828,145.0389461
loc_88209,Morogoro,-6.8220970,37.6611600
loc_34444,Moroni,-11.7004000,43.2412000
loc_16194,Morris Plains,40.8216670,-74.4813890
loc_4373,Morristown,40.7966670,-74.4819440
loc_45085,Morrisville,37.4803950,-93.4279590
loc_42934,Morton,46.5583140,-122.2752520
loc_16772,Mortsel,51.1619150,4.4702500
loc_34036,Morón,-34.6500000,-58.6166670
loc_90650,Morón de la Frontera,37.1222961,-5.4518690
loc_8662,Moscavide,38.7700000,-9.1000000
loc_4414,Moscow,46.7325000,-116.9991670
loc_643,Moscow,55.7500000,37.6199980
loc_42953,Mosfellsbær,64.1688890,-21.7130560
loc_50165,Mossoró,-5.1880361,-37.3441344
loc_91066,Mostar,43.3333333,17.8000000
loc_146198,Motta Sant&#39;Anastasia,37.4988000,14.9661000
loc_97566,Mouila,-1.8697188,11.0542052
loc_18180,Moulins,46.5661040,3.3353380
loc_829,Mount Juliet,36.2000000,-86.5186110
loc_2522,Mount Kisco,41.2041670,-73.7275000
loc_22880,Mount Laurel,39.9338890,-74.8913890
loc_948,Mount Moriah,40.3297220,-93.7944440
loc_3737,Mount Olive,33.6708330,-86.8561110
loc_4370,Mount Pleasant,43.5977780,-84.7675000
loc_13873,Mount Prospect,42.0663890,-87.9372220
loc_36844,Mount Sinai,40.9370780,-73.0137850
loc_1585,Mount Vernon,40.9125000,-73.8375000
loc_63399,Mountain Home,43.1329504,-115.6911975
loc_8210,Mountlake Terrace,47.7883330,-122.3075000
loc_19569,Mouscron,50.7378170,3.2539200
loc_68188,Moutier,47.2784682,7.3720770
loc_27043,Moyobamba,-6.0643440,-76.9171680
loc_17058,Mt. Vernon,38.3172220,-88.9030560
loc_141262,Mtarfa,35.8908330,14.3969440
loc_54183,Muar,2.0399620,102.5693970
loc_69690,Mudlick,39.3119491,-80.8703877
loc_4696,Muharraq,26.2562140,50.6155550
loc_39181,Muhos,64.8079580,25.9942340
loc_212,Mulhouse,47.7494920,7.3397810
loc_4647,Mulhouse,47.7494920,7.3397800
loc_5508,Mumbai,19.0317510,72.8487110
loc_4581,Murcia,37.9833750,-1.1298970
loc_1678,Murfreesboro,35.8455560,-86.3902780
loc_40609,Murmansk,68.9531780,33.1070510
loc_24869,Muroran,42.3172222,140.9880556
loc_129822,Murray Hill,40.6952780,-74.4011110
loc_1351,Murrieta,33.5538890,-117.2130560
loc_30720,Musashino,35.7061111,139.5594444
loc_4161,Muscle Shoals,34.7447220,-87.6675000
loc_22451,Musculdy,43.1961860,-0.9659940
loc_43898,Mushie,-3.0167000,16.9331000
loc_1189,Muskegon,43.2341670,-86.2483330
loc_3134,Muskogee,35.7477780,-95.3694440
loc_139621,Muswell Hill,51.5911020,-0.1421390
loc_12873,Muswellbrook,-32.2755890,150.8932950
loc_112993,Mutare,-18.9747600,32.6555600
loc_36172,Mutlangen,48.8248100,9.7973920
loc_86018,Muğla,37.2152778,28.3636111
loc_125093,Myaungmya,16.5833330,94.9000000
loc_91599,Mykolaiv,49.5249060,23.9900860
loc_65612,Mysen,59.5571720,11.3283093
loc_146146,Mytilini,39.0992000,26.5498000
loc_29147,Mytishchi,55.7557860,37.6176330
loc_100565,Mzimba,-11.9000000,33.6000000
loc_5495,Málaga,36.7196240,-4.4199080
loc_16668,Mâcon,46.3091290,4.8333710
loc_38079,Mäntyharju,61.4176490,26.8786220
loc_606,Mérida,20.9797210,-89.6157890
loc_130977,Mériel,49.0800000,2.2058000
loc_12162,Mölndal,57.6565400,11.9645500
loc_12739,Mülheim an der Ruhr,51.4270730,6.8864930
loc_61201,Müllheim,47.8086822,7.6262811
loc_528,München,48.1323550,11.5535910
loc_13821,Münchenbuchsee,47.0238690,7.4433850
loc_1704,Münster,51.9647110,7.6284960
loc_19719,Naaldwijk,52.0220620,4.2210880
loc_38215,Naantali,60.4674210,22.0242270
loc_31036,Naarden,52.2957270,5.1625890
loc_4177,Nacogdoches,31.6033330,-94.6552780
loc_137443,Nagasaka,35.8166667,138.3666667
loc_15619,Nagasaki,32.7550000,129.8683333
loc_58906,Nago,26.5880556,127.9761111
loc_684,Nagoya,35.1666667,136.9166667
loc_595,Naha,26.2072222,127.6733333
loc_2317,Nailsea,51.4302778,-2.7625000
loc_36369,Nain,56.5459410,-61.6725870
loc_8795,Nairobi,-1.2899990,36.8199990
loc_8806,Nairobi,-1.2743590,36.8131060
loc_52645,Nakagawa,36.2000000,136.2666667
loc_21560,Nakano,36.7500000,138.3666667
loc_42139,Nakatsu,33.6013889,131.1841667
loc_69030,Nakło nad Notecią,53.1417565,17.6018342
loc_78854,Nalchik,43.4869500,43.6029893
loc_58265,Namegata,36.0000000,140.4833330
loc_469,Namur,50.4653280,4.8676650
loc_55904,Namur,50.4619489,4.8406742
loc_129206,Namyangju,37.6333330,127.2166670
loc_2560,Nanaimo,49.1891870,-123.9792590
loc_632,Nancy,48.6907890,6.1825040
loc_7310,Nanjing,32.0616667,118.7777778
loc_4464,Nanterre,48.8899900,2.1970480
loc_219,Nantes,47.2167940,-1.5567270
loc_4656,Nantes,47.2167950,-1.5567270
loc_1576,Nantua,46.1517730,5.6071530
loc_14462,Nantucket,41.2833330,-70.1000000
loc_1797,Napa,38.2972220,-122.2844440
loc_140644,Napajedla,49.1703212,17.5116991
loc_4820,Naples,26.1416670,-81.7950000
loc_579,Napoli,40.8519770,14.2692750
loc_14268,Nara,34.6833333,135.8333333
loc_188,Narbonne,43.1837890,2.9962810
loc_18104,Narni,42.5164860,12.5266230
loc_1635,Nashua,42.7652780,-71.4680560
loc_161,Nashville,36.1658330,-86.7844440
loc_132810,Nasir,8.6000000,33.0666670
loc_4931,Nassau,25.0599990,-77.3300010
loc_7951,Natal,-5.8059190,-35.2105410
loc_20883,Natashquan,50.1721980,-61.8125930
loc_1414,Natchez,31.5602780,-91.4030560
loc_42387,Naters,46.3254980,7.9889110
loc_87486,Nathia Gali,34.0729404,73.3811849
loc_19752,Natick,42.2833330,-71.3500000
loc_83751,Natitingou,10.3129100,1.3886160
loc_34179,Naucalpan de Juárez,19.4787280,-99.2365840
loc_1738,Navasota,30.3877780,-96.0875000
loc_71774,Nazareth,38.0778764,-88.7686382
loc_13108,Nazaré,39.5999980,-9.0600000
loc_35398,Nazaré da Mata,-7.7423210,-35.2312320
loc_118479,Ndola,-12.9682700,28.6336990
loc_2184,Neath,51.6561111,-3.8022222
loc_43521,Neckarbischofsheim,49.2948520,8.9620540
loc_2283,Necton,52.6500000,0.7833333
loc_123681,Neerkant,51.3677780,5.8652780
loc_25121,Negril,18.2739790,-78.3531420
loc_34953,Nelson,53.8333333,-2.2000000
loc_7663,Nelson,49.4913750,-117.2876990
loc_18099,Nelspruit,-25.4657500,30.9852100
loc_100081,Nembro,45.7434484,9.7593672
loc_50389,Nemours,48.2673099,2.6953904
loc_84100,Nenagh,52.8658900,-8.1953890
loc_94972,Nenzing,47.1881800,9.7064200
loc_15943,Neptune,40.2047220,-74.0519440
loc_27909,Neptune City,40.1978200,-74.0303800
loc_11523,Nerima,35.7333333,139.6500000
loc_123307,Nerva,37.6955180,-6.5489320
loc_49998,Nesodden,59.8648275,10.6625403
loc_7670,Netanya,32.3300010,34.8600000
loc_33539,Nettetal,51.3120840,6.2764810
loc_31631,Neu-Ulm,48.3841090,10.0097390
loc_36044,Neuchâtel,46.9920060,6.9309210
loc_46210,Neufchâteau,48.3549070,5.6926210
loc_126035,Neuilly-en-Thelle,49.2244080,2.2851500
loc_87978,Neuilly-Plaisance,48.8568980,2.5283730
loc_1788,Neuilly-sur-Seine,48.8835680,2.2725060
loc_495,Neuilly-sur-Seine,48.8835680,2.2725060
loc_50901,Neuilly-sur-Seine,48.8880560,2.2686110
loc_18073,Neuss,51.1984290,6.6952820
loc_14914,Neustadt/Weinstraße,49.3292050,8.1337870
loc_33739,Neuwied,50.4266710,7.4619010
loc_1238,Nevada City,39.2616670,-121.0150000
loc_126715,Neve Monosson,32.0166670,34.8666670
loc_137177,Neve Yam,32.6783000,34.9311970
loc_29495,Nevel,56.0264810,29.9207190
loc_16739,Nevers,46.9871100,3.1616890
loc_98859,New Amsterdam,6.2500000,-57.5166667
loc_2594,New Bedford,41.6361110,-70.9347220
loc_74925,New Berlin,40.8789732,-76.9869178
loc_2734,New Braunfels,29.7027780,-98.1241670
loc_4567,New Brighton,-28.5171110,153.5514980
loc_1337,New Brunswick,40.4861110,-74.4522220
loc_27185,New Castle,41.0018300,-80.3472400
loc_18262,New Cross,51.4833333,-0.0333333
loc_246,New Delhi,28.6376900,77.2058240
loc_11674,New Hartford,43.0733330,-75.2880560
loc_11882,New Hartford,41.8822220,-72.9775000
loc_135,New Haven,41.3080560,-72.9286110
loc_35984,New Haven,44.0889780,-73.3023450
loc_716,New Hope,40.3641670,-74.9516670
loc_1302,New London,41.3555560,-72.1000000
loc_2219,New Malden,51.4166667,-0.2500000
loc_37451,New Milford,40.9312620,-74.0171820
loc_71,New Orleans,29.9544440,-90.0750000
loc_1525,New Plymouth,-39.0600010,174.0800010
loc_119228,New Richmond,48.1621177,-65.8567690
loc_177,New Rochelle,40.9113890,-73.7827780
loc_144007,New Taipei,25.0111110,121.4458330
loc_2942,New Westminster,49.2086100,-122.9204120
loc_80,New York,40.7141670,-74.0063890
loc_1725,Newark,39.6836110,-75.7500000
loc_265,Newark,40.0580560,-82.4013890
loc_418,Newark,40.7355560,-74.1727780
loc_4216,Newbridge,53.1800000,-6.8000000
loc_241,Newburgh,41.5033330,-74.0108330
loc_3138,Newbury Park,34.1841670,-118.9097220
loc_19268,Newcastle,43.8547220,-104.2044440
loc_6591,Newcastle,-32.9795730,151.6481840
loc_1135,Newcastle upon Tyne,54.9880556,-1.6194444
loc_2252,Newcastle-under-Lyme,53.0000000,-2.2333333
loc_1969,Newent,51.9333333,-2.4000000
loc_24731,Newham,55.5333333,-1.7166667
loc_2392,Newhaven,50.7833333,0.0333333
loc_4992,Newington,41.6977780,-72.7241670
loc_15799,Newland,36.0872220,-81.9275000
loc_12615,Newlyn,50.1011111,-5.5536111
loc_9998,Newmarket,44.0510050,-79.4614980
loc_3305,Newnan,33.3805560,-84.7997220
loc_1004,Newport,50.7014592,-1.2912369
loc_3292,Newport,41.4900000,-71.3133330
loc_38549,Newport,45.3841050,-71.4467300
loc_4060,Newport Beach,33.6163890,-117.9302780
loc_1657,Newport News,36.9786110,-76.4283330
loc_8519,Newquay,50.4166667,-5.0833333
loc_9936,Newry,54.1833333,-6.3333333
loc_4640,Newton,35.6697220,-81.2216670
loc_939,Newton,42.3369440,-71.2097220
loc_67549,Newton-le-Willows,53.4500000,-2.6000000
loc_64393,Nezahualcoyotl,19.4231994,-99.0432887
loc_32971,Nezhin,51.0466700,31.8853540
loc_65299,Niafunké,15.9302141,-3.9954969
loc_1495,Niagara Falls,43.0838520,-79.0999600
loc_3186,Niagara Falls,43.0944440,-79.0569440
loc_68003,Niamey,13.5126680,2.1125160
loc_678,Nice,43.7033930,7.2662740
loc_41919,Nichinan,31.6000000,131.3666667
loc_31771,Nicosia,35.1676040,33.3736210
loc_145195,Niele,13.5700970,-5.5550650
loc_2314,Niigata,37.9166667,139.0500000
loc_5292,Nijmegen,51.8415380,5.8425670
loc_3988,Niles,41.8297220,-86.2541670
loc_7755,Niles,41.1827780,-80.7655560
loc_32190,Nilópolis,-22.8085410,-43.4145400
loc_146602,Nine Mile,18.2978000,-77.2781000
loc_8945,Ningbo,29.8750000,121.5419444
loc_150744,Nioki,-2.7165830,17.6833060
loc_17371,Niort,46.3238570,-0.4575830
loc_66771,Nishinomiya,34.7166667,135.3333333
loc_122078,Nishitokyo,35.7333330,139.5333330
loc_2693,Niterói,-22.8393400,-42.8809700
loc_6070,Nivelles,50.6016470,4.3287210
loc_77772,Nizhny Novgorod,56.3333330,44.0000000
loc_145485,Niéna,11.4258330,-6.3500000
loc_139347,Nkokonjeru,0.2394650,32.9227990
loc_12122,No,60.5502030,8.6648210
loc_11765,Noboribetsu,42.4513889,141.1730556
loc_55816,Nocera Inferiore,40.7460940,14.6428150
loc_1379,Nogales,31.3402780,-110.9336110
loc_107424,Nogent,48.8376310,2.4816990
loc_15136,Nogent-sur-Marne,48.8371000,2.4879700
loc_15917,Noisy-le-Sec,48.8895300,2.4503240
loc_38093,Nokia,61.4782650,23.5111740
loc_6824,Noosa,-26.3812960,153.1163040
loc_897,Nordegg,52.4687970,-116.0847080
loc_39896,Nordhausen,51.5035270,10.7936150
loc_178,Norfolk,36.8466670,-76.2855560
loc_407,Norman,35.2225000,-97.4391670
loc_113678,Norrhult,57.1333330,15.1666670
loc_1369,Norristown,40.1213890,-75.3402780
loc_18630,Norrköping,58.5947020,16.1836070
loc_3095,North,33.6155560,-81.1022220
loc_19678,North Bergen,40.8041670,-74.0125000
loc_4481,North Hollywood,34.1722220,-118.3780560
loc_58965,North Kensington,51.4833333,-0.1666667
loc_8716,North Shields,55.0047222,-1.4727778
loc_3069,North Syracuse,43.1347220,-76.1302780
loc_2990,North Vancouver,49.3226800,-123.0712930
loc_144650,North West River,53.5253670,-60.1449440
loc_1000,Northampton,52.2500000,-0.8833333
loc_830,Northampton,42.3250000,-72.6416670
loc_1395,Northborough,42.3194440,-71.6416670
loc_7143,Northbrook,42.1275000,-87.8288890
loc_3690,Northfield,44.4583330,-93.1613890
loc_146315,Northridge,39.8119440,-84.1913890
loc_5121,Northridge,34.2283330,-118.5358330
loc_23824,Northumberland,40.8003000,-76.4276710
loc_2405,Northwich,53.2666667,-2.5000000
loc_27335,Norton,36.9358900,-82.6234600
loc_1711,Norwalk,33.9022220,-118.0808330
loc_851,Norwalk,41.1175000,-73.4083330
loc_4750,Norway,45.7869440,-87.9036110
loc_11465,Norwich,41.5241670,-72.0763890
loc_2046,Norwich,52.6333333,1.3000000
loc_15037,Norwood,39.1555560,-84.4597220
loc_42402,Norwood,44.3835090,-77.9787250
loc_124999,Nossa Senhora da Graça de Póvoa e Meadas,39.5102780,-7.5186110
loc_260,Notodden,59.5699990,9.2600000
loc_15701,Notre Dame,41.7008330,-86.2413890
loc_149514,Notre-Dame-de-Bellecombe,45.8103000,6.5197000
loc_1118,Notting Hill,51.5166667,-0.2166667
loc_266,Nottingham,52.9666667,-1.1666667
loc_73861,Nouakchott,18.0840610,-15.9784200
loc_78412,Nouméa,-22.2758000,166.4580000
loc_97487,Nouzonville,49.8155690,4.7441170
loc_25027,Nova Friburgo,-22.2828280,-42.5343340
loc_12866,Nova Gradiška,45.2599980,17.3799990
loc_23184,Nova Iguaçu,-22.7597630,-43.4515540
loc_12408,Novara,45.4450840,8.6186710
loc_5574,Novato,38.1075000,-122.5686110
loc_37917,Novi Ligure,44.7617960,8.7861010
loc_62722,Novi Sad,45.2622310,19.8518580
loc_94310,Novomoskovsk,54.0259496,38.2995887
loc_2880,Novosibirsk,55.0400000,82.9300000
loc_124723,Novoyavorivsk,49.9311110,23.5730560
loc_143755,Nsuta,7.0111110,-1.3813890
loc_100331,Numata,36.6333333,139.0500000
loc_25496,Numazu,35.1000000,138.8666667
loc_2168,Nuneaton,52.5166667,-1.4666667
loc_4636,Nutley,40.8222220,-74.1602780
loc_16852,Nyack,41.0905560,-73.9183330
loc_21194,Nyon,46.3808330,6.2383910
loc_685,Nérac,44.1343220,0.3450840
loc_1196,Nîmes,43.8346910,4.3609760
loc_45383,Nørrebro,55.6762940,12.5681160
loc_26923,Nürensdorf,47.4469410,8.6488200
loc_3830,Nürnberg,49.4399870,11.1353600
loc_25736,Oak Grove,32.8609200,-91.3896900
loc_10474,Oak Hill,37.9722220,-81.1488890
loc_21796,Oak Park,42.4594440,-83.1827780
loc_917,Oak Park,41.8850000,-87.7844440
loc_106,Oakland,37.7721600,-122.2132770
loc_307,Oakton,38.8808330,-77.3011110
loc_8982,Oakville,43.4539060,-79.7071710
loc_4655,Oberhausen,51.4696110,6.8658820
loc_1741,Oberlin,41.2938890,-82.2175000
loc_82658,Oberpullendorf,47.4949700,16.5087900
loc_150549,Oberschweinbach,48.2500000,11.1666670
loc_113218,Obo Kwahu,6.5883330,-0.7738890
loc_1882,Ocala,29.1869440,-82.1402780
loc_118371,Occidental,38.4076501,-122.9477131
loc_3471,Ocean City,39.2775000,-74.5750000
loc_19270,Oceanside,40.6386110,-73.6405560
loc_6750,Oceanside,33.1958330,-117.3786110
loc_46969,Odense,55.3962420,10.3906360
loc_120745,Odesa,46.4845830,30.7326000
loc_3584,Odessa,46.4693280,30.7355620
loc_72554,Odienné,9.5166670,-7.5666670
loc_18653,Odintsovo,55.6699980,37.2900000
loc_79342,Odorheiu Secuiesc,46.3130110,25.3009000
loc_142645,Ofena,42.3266670,13.7597220
loc_25870,Offa,8.1402220,4.7254330
loc_10046,Offenbach,50.0268900,8.6936880
loc_140563,Ofoase,6.1666670,-1.1500000
loc_25659,Ogaki,35.3500000,136.6166667
loc_3587,Ogden,41.2230560,-111.9730560
loc_4403,Oil City,41.4338890,-79.7066670
loc_72,Oita,33.2372222,131.6044444
loc_2455,Okayama,34.6500000,133.9166667
loc_31734,Okazaki,34.9500000,137.1666667
loc_297,Okemah,35.4325000,-96.3047220
loc_113,Okinawa,26.3358333,127.8013889
loc_813,Oklahoma City,35.4675000,-97.5161110
loc_3908,Okmulgee,35.6233330,-95.9602780
loc_1362,Old Bridge,40.4147220,-74.3658330
loc_18907,Old Forge,41.3711110,-75.7352780
loc_90074,Old Harbour,17.9353010,-77.1075360
loc_9444,Old Town,44.9341670,-68.6458330
loc_14627,Oldenzaal,52.3155500,6.9357650
loc_1114,Oldham,53.5500000,-2.1166667
loc_2668,Olinda,-8.0072500,-34.8459820
loc_1288,Olive Hill,38.3000000,-83.1741670
loc_97004,Oloron-Sainte-Marie,43.1377636,-0.4665966
loc_77382,Olot,42.1821095,2.4881890
loc_402,Olympia,47.0380560,-122.8994440
loc_345,Omaha,41.2586110,-95.9375000
loc_19632,Omak,48.4111110,-119.5263890
loc_20353,Omdurman,15.6441400,32.4776120
loc_28759,Omsk,54.9709240,73.3937530
loc_4461,Ondres,43.5612510,-1.4477570
loc_1417,Oneonta,42.4527780,-75.0641670
loc_121510,Onești,46.2499260,26.7714760
loc_3569,Oostende,51.2200010,2.9200000
loc_3565,Opelousas,30.5333330,-92.0813890
loc_8656,Oradea,47.0579190,21.9415090
loc_2747,Oran,35.7051090,-0.6370930
loc_34299,Oran,35.6977000,-0.6350000
loc_1502,Orange,44.1336910,4.8121520
loc_1924,Orange,33.7877780,-117.8522220
loc_4187,Orange,40.7705560,-74.2330560
loc_38911,Orange Beach,33.5985630,-117.8205640
loc_27609,Orangeburg,41.0538200,-73.9466400
loc_2909,Orangeburg,33.4916670,-80.8558330
loc_53391,Orekhovo-Zuyevo,55.8070908,38.9894716
loc_1822,Orem,40.2969440,-111.6938890
loc_1173,Orillia,44.6077810,-79.4248830
loc_57012,Orimattila,60.8028664,25.7311515
loc_9862,Orizaba,18.8462010,-97.1024090
loc_237,Orlando,28.5380560,-81.3794440
loc_60402,Orly,48.7429825,2.4013243
loc_12529,Orléans,47.9013870,1.9039750
loc_4678,Orléans,47.9013870,1.9039750
loc_11779,Ormskirk,53.5666667,-2.9000000
loc_49094,Ornago,45.5965913,9.4195663
loc_14980,Orocovis,18.2288890,-66.3913890
loc_138777,Orono,43.9763670,-78.6167330
loc_14495,Orpington,51.3500000,0.1000000
loc_30816,Orsay,48.6990030,2.1878590
loc_149609,Orsières,46.0275000,7.1472220
loc_64007,Ortaköy,40.2729000,35.2456000
loc_26933,Orthez,43.4883390,-0.7725940
loc_3880,Ortisei,46.5904720,11.6845910
loc_35463,Oruro,-17.9752810,-67.1107640
loc_76416,Orzysz,53.8098900,21.9473000
loc_1216,Os,62.5000000,11.1999990
loc_122,Osaka,34.6666667,135.5000000
loc_1444,Osceola,35.7050000,-89.9694440
loc_4240,Oshawa,43.9119500,-78.8598230
loc_144151,Oshkosh,41.4080560,-102.3452780
loc_13569,Oshogbo,7.8299990,4.5799990
loc_1323,Oskaloosa,41.2963890,-92.6441670
loc_3315,Oslo,59.9379310,10.7123100
loc_94,Oslo,59.9099990,10.7500000
loc_3743,Osnabrück,52.2672720,8.0531930
loc_3779,Oss,51.7599980,5.5199990
loc_1770,Ossining,41.1627780,-73.8619440
loc_80691,Osted,55.5618010,11.9588500
loc_42211,Ostfildern,48.7276130,9.2459610
loc_23222,Ostrava,49.8287990,18.2799140
loc_5000,Ostrava,49.8300010,18.2700000
loc_47803,Ostróda,53.6963010,19.9647950
loc_50849,Oswaldtwistle,53.7333333,-2.4000000
loc_30619,Oswego,37.1649350,-95.1088090
loc_4863,Oswego,43.4552780,-76.5108330
loc_2095,Oswestry,52.8500000,-3.0333333
loc_26829,Ota,36.3000000,139.3666667
loc_19450,Otavalo,0.2333330,-78.2666670
loc_145006,Otford,51.3000000,0.1833333
loc_19437,Otley,53.9000000,-1.6833333
loc_6356,Otsu,35.0000000,135.8666667
loc_347,Ottawa,45.3520880,-75.7234400
loc_55921,Ottawa,41.3536340,-88.8411920
loc_92489,Ottignies-Louvain-la-Neuve,50.6769713,4.6255629
loc_28079,Ottumwa,41.0201200,-92.4157400
loc_125216,Otukpo,7.1930560,8.1463890
loc_66028,Ouagadougou,12.3646370,-1.5338640
loc_27496,Ouahigouya,13.5692400,-2.4170890
loc_44653,Ouelessebougou,11.9937000,-7.9130000
loc_62166,Ouidah,6.3663100,2.0812289
loc_71181,Ouistreham,49.2768658,-0.2586434
loc_69531,Oujda,34.6866667,-1.9113889
loc_32939,Oulu,65.0126550,25.4713860
loc_151790,Ouragahio,6.4163000,-5.9161000
loc_3413,Ourense,42.3941740,-8.6945720
loc_143609,Oviedo-Uviéu,43.3625000,-5.8502780
loc_12343,Owensboro,37.7741670,-87.1133330
loc_3336,Oxford,39.5069440,-84.7452780
loc_7550,Oxford,39.7852780,-75.9791670
loc_774,Oxford,34.3663890,-89.5191670
loc_999,Oxford,51.7522210,-1.2559605
loc_1328,Oxnard,34.1975000,-119.1761110
loc_56137,Oyo,7.8371540,3.9346520
loc_12376,Ozark,35.4869440,-93.8275000
loc_131965,P&#39;yŏngyang,39.0194440,125.7380560
loc_12631,Pa,8.5475700,-80.7807610
loc_286,Pacoima,34.2625000,-118.4261110
loc_2077,Paddington,51.5000000,-0.1833333
loc_4103,Padova,45.3914230,11.7934790
loc_139207,Pagaden,-6.4554820,107.8128910
loc_64423,Paimpol,48.7806871,-3.0493970
loc_3442,Paintsville,37.8144440,-82.8072220
loc_1856,Paisley,55.8333333,-4.4333333
loc_101353,Paita,-5.0850000,-81.0997222
loc_117203,Paju,37.7598688,126.7801781
loc_87900,Palafrugell,41.9171881,3.1638167
loc_127764,Palaiokastritsa,39.6833330,19.7166670
loc_125514,Palakol,16.5333000,81.7333000
loc_14994,Palermo,38.1156810,13.3611590
loc_92904,Palinges,46.5538710,4.2194990
loc_116469,Pallasgreen,52.5491100,-8.3528200
loc_8091,Palm Bay,28.0372220,-80.5800000
loc_6708,Palm Coast,29.5847220,-81.2080560
loc_784,Palm Desert,33.7213890,-116.3875000
loc_60427,Palma,39.5694701,2.6500168
loc_4297,Palmdale,34.5794440,-118.1155560
loc_82483,Palmeira dos Índios,-9.4161810,-36.6309891
loc_32514,Palmerston North,-40.3557460,175.6121900
loc_32818,Palmi,38.3524190,15.8363240
loc_1322,Palo Alto,37.4419440,-122.1419440
loc_673,Pamplona,42.8179910,-1.6442160
loc_141212,Pamplona-Iruña,42.8166670,-1.6500000
loc_28605,Panamá,8.9942690,-79.5187920
loc_141558,Pangauban,-6.9016860,107.4547760
loc_148840,Pangil,14.4000000,121.4700000
loc_5035,Panorama City,34.2247220,-118.4488890
loc_143384,Pant Glas,53.0010000,-4.2780000
loc_16759,Pantin,48.8930940,2.4127180
loc_70906,Panyu,22.9372222,113.3619444
loc_22613,Papeete,-17.5200000,-149.5599970
loc_37275,Paquetville,47.6680930,-65.1082800
loc_793,Paragould,36.0583330,-90.5000000
loc_28164,Paramaribo,5.8232010,-55.1678800
loc_140659,Paramonga,-10.6764663,-77.8190051
loc_21718,Paranaguá,-25.5196300,-48.5327190
loc_34683,Paray-le-Monial,46.4517360,4.1235860
loc_122008,Paraćin,43.8666667,21.4166667
loc_130172,Pardubice,50.0386110,15.7791670
loc_63128,Pardubice,50.0378480,15.7808343
loc_88480,Parintins,-2.6283475,-56.7364711
loc_11,Paris,48.8566620,2.3510190
loc_3938,Paris,48.8588530,2.3469460
loc_1807,Park Ridge,41.0375000,-74.0411110
loc_31722,Parkano,62.0147220,23.0225210
loc_24928,Parkes,-33.1383260,148.1741660
loc_13725,Parma,18.2232850,-66.4288900
loc_596,Parma,44.8043940,10.3284940
loc_4536,Parris Island,32.3350000,-80.6922220
loc_117585,Parácuaro,19.1469160,-102.2194410
loc_282,Pasadena,34.1477780,-118.1436110
loc_7498,Pasadena,39.1072220,-76.5713890
loc_1241,Pascagoula,30.3655560,-88.5561110
loc_59642,Pasir Gudang,1.4678520,103.9026490
loc_145762,Paso Yobái,-25.7500000,-56.4333330
loc_1299,Passaic,40.8566670,-74.1288890
loc_30035,Paszab,48.1411310,21.6660130
loc_93119,Patea,-39.7547982,174.4728191
loc_1366,Paterson,40.9166670,-74.1722220
loc_59127,Patna,25.6138990,85.1353530
loc_4473,Patras,38.2381190,21.7392450
loc_13688,Pau,43.2975210,-0.3743630
loc_679,Pau,43.2975210,-0.3743620
loc_20384,Pauls Valley,34.7400000,-97.2219440
loc_139194,Pauza,-15.2789370,-73.3443870
loc_562,Pavia,45.1858800,9.1565930
loc_8992,Pavlikeni,43.2400010,25.3099990
loc_923,Paw Paw,39.5319440,-78.4586110
loc_1848,Pawtucket,41.8786110,-71.3830560
loc_46207,Payneville,32.6134700,-88.3467000
loc_400,Payson,40.0444440,-111.7313890
loc_115857,Peacehaven,50.9097000,-0.5302000
loc_46631,Peckham,51.4714000,-0.0625000
loc_133546,Pedimonte Matese,41.3500000,14.3500000
loc_125508,Pedreguer,38.7933330,0.0341670
loc_21864,Pedreiras,-4.5773240,-44.6707000
loc_2483,Peekskill,41.2900000,-73.9208330
loc_3144,Pegram,36.1005560,-87.0511110
loc_36832,Peiraias,37.9395340,23.6446830
loc_791,Pelham,40.9097220,-73.8083330
loc_141759,Peliatan,-8.5165458,115.2719339
loc_16877,Pelotas,-31.7708000,-52.3312300
loc_130247,Pemberville,41.4113890,-83.4586110
loc_17539,Pembroke,32.1358330,-81.6222220
loc_5382,Pembroke Pines,26.0027780,-80.2241670
loc_124393,Pembury,51.1333333,0.3166667
loc_17263,Pen-y-bont ar Ogwr,51.5058333,-3.5772222
loc_148441,Penal,10.1666670,-61.4666670
loc_126847,Penboyr,52.0000000,-4.4000000
loc_150847,Penclawdd,51.6422258,-4.1048915
loc_151253,Pendleton,31.1952780,-97.3366670
loc_31431,Penn,51.6166667,-0.6833333
loc_192,Pensacola,30.4211110,-87.2169440
loc_2215,Penzance,50.1136111,-5.5477778
loc_1689,Peoria,40.6936110,-89.5888890
loc_22131,Pereiro,-6.0495780,-38.4603880
loc_35311,Peremyslany,49.6680600,24.5587600
loc_15744,Pergamino,-33.8964200,-60.5689700
loc_146942,Perpignan,42.6880612,2.9014083
loc_4649,Perpignan,42.7015730,2.8941500
loc_34830,Perry,32.4586840,-83.7347940
loc_2579,Perryville,32.7327780,-94.9477780
loc_2185,Perth,56.4000000,-3.4333333
loc_435,Perth,-31.9328540,115.8619400
loc_3899,Perth Amboy,40.5066670,-74.2658330
loc_17246,Pertuis,43.6953530,5.5049250
loc_5877,Perugia,43.1107020,12.3891720
loc_8825,Pesaro,43.9120690,12.9157440
loc_8829,Pescara,42.4648260,14.2140940
loc_38028,Petaling Jaya,3.0833330,101.6500000
loc_2893,Petaluma,38.2325000,-122.6355560
loc_1009,Peterborough,52.5833333,-0.2500000
loc_4258,Petersburg,37.2277780,-77.4022220
loc_92218,Petit-Goâve,18.4335190,-72.8616490
loc_3954,Petrolina,-9.3932500,-40.5057180
loc_14665,Petrópolis,-22.5146500,-43.1830710
loc_22249,Pfaffenhofen an der Ilm,48.6100860,11.5091160
loc_14736,Philadelphia,32.7713890,-89.1166670
loc_39,Philadelphia,39.9522220,-75.1641670
loc_33870,Phnom Penh,11.5434000,104.8984000
loc_199,Phoenix,33.4483330,-112.0733330
loc_6802,Phoenixville,40.1302780,-75.5152780
loc_11703,Piacenza,44.8475430,9.6363620
loc_13601,Piacenza,45.0518360,9.6980470
loc_124174,Piasecznia,53.2387150,21.3851740
loc_491,Pickering,43.8421590,-79.1642230
loc_32632,Pictou,45.6784660,-62.7064280
loc_61383,Piedecuesta,6.9918824,-73.0510560
loc_3483,Pierrefonds,45.4874720,-73.8487910
loc_90110,Pierrelatte,44.3777500,4.6969810
loc_57736,Pietermaritzburg,-29.5849299,30.3645826
loc_130655,Pietrosu,45.0591670,26.7580560
loc_132699,Pigeon Hills,39.8681545,-76.9302550
loc_124338,Piippola,64.1833330,25.9666670
loc_2973,Pikeville,37.4791670,-82.5188890
loc_139431,Pimenta Bueno,-11.6725000,-61.1936110
loc_69394,Pinar del Río,22.4055722,-83.6385478
loc_19396,Pine Bluff,34.2283330,-92.0030560
loc_54144,Pine Plains,41.9796690,-73.6562170
loc_105618,Pine Ridge,43.0262288,-102.5185214
loc_60194,Pingliang,35.5391667,106.6861111
loc_23731,Pinneberg,53.6626120,9.7962910
loc_1654,Pinner,51.5833333,-0.3833333
loc_34673,Piolenc,44.1790320,4.7680500
loc_2895,Piqua,40.1447220,-84.2425000
loc_68820,Piraeus,37.9509020,23.6411030
loc_27698,Pirkkala,61.4585150,23.5848160
loc_35149,Pirmasens,49.2037160,7.6047450
loc_33567,Pirna,50.9578950,13.9373990
loc_4752,Pisa,43.4717210,10.6354780
loc_8816,Pistoia,43.9321550,10.9185230
loc_55652,Piteå,65.3181757,21.4813373
loc_120734,Pitești,44.8605556,24.8677778
loc_149990,Pittman Center,35.7594440,-83.3886110
loc_110579,Pittsburg,32.9954021,-94.9657688
loc_24711,Pittsburg,37.4105900,-94.7048000
loc_205,Pittsburgh,40.4405560,-79.9961110
loc_11133,Piura,-5.1935220,-80.6247860
loc_2510,Plainfield,40.6336110,-74.4077780
loc_33975,Plaisance,6.8000000,-58.1000000
loc_17190,Plaisir,48.8166980,1.9485510
loc_2262,Plaistow,51.0500000,-0.5666667
loc_47213,Planfoy,45.3828210,4.4403660
loc_251,Plano,33.0197220,-96.6986110
loc_10788,Plantation,26.1272220,-80.2333330
loc_11962,Plasencia,40.0305020,-6.0882510
loc_16717,Plauen,50.4950090,12.1383600
loc_57959,Pleasantsville,41.5727030,-79.6262190
loc_23229,Pleasantville,39.3928200,-74.5234400
loc_93859,Ploiești,44.9400000,26.0300000
loc_57484,Ploudalmézeau,48.5414010,-4.6578613
loc_88737,Plougasnou,48.6955480,-3.7900330
loc_5539,Plovdiv,42.1500010,24.7500000
loc_83992,Plurien,48.6263784,-2.4041278
loc_112547,Pluzunet,48.6420777,-3.3740744
loc_118781,Plymouth,16.7064170,-62.2158390
loc_1909,Plymouth,50.3963889,-4.1386111
loc_130722,Plzeň,49.7475000,13.3775000
loc_44792,Plérin,48.5350390,-2.7675350
loc_55015,Podgorica,42.4700000,19.2800000
loc_3662,Podor,16.6599990,-14.9700000
loc_46009,Poggio Bustone,42.5021440,12.8869910
loc_21587,Pointe-aux-Trembles,45.6648650,-73.5110950
loc_1171,Pointe-Claire,45.4535570,-73.8109450
loc_3219,Pointe-à-Pitre,16.2363700,-61.5301820
loc_67427,Pointe-à-Pitre,16.2363700,-61.5301820
loc_30249,Poissy,48.9286100,2.0417970
loc_1504,Poitiers,46.5869850,0.3426480
loc_115067,Pomaz,47.6456397,19.0218000
loc_1313,Pomona,34.0552780,-117.7513890
loc_2939,Pompano Beach,26.2375000,-80.1250000
loc_43706,Pompei,40.7491820,14.5007380
loc_1896,Ponce,18.0130560,-66.6144440
loc_43480,Ponce,17.9959860,-66.6208340
loc_3070,Ponchatoula,30.4386110,-90.4413890
loc_72917,Pont-Croix,48.0413977,-4.4876665
loc_25457,Pont-de-Nieppe,49.3852250,6.2402530
loc_32364,Pont-l&#39;Abbé,47.8651200,-4.2206380
loc_51246,Pont-Saint-Martin,47.1232103,-1.5842345
loc_44387,Pont-Sainte-Maxence,49.3003720,2.6044500
loc_73888,Pont-à-Mousson,48.9058147,6.0597881
loc_128759,Ponta de Pedras,-1.3900000,-48.8708330
loc_31601,Ponta Grossa,-25.0945460,-50.1632870
loc_1089,Pontardawe,51.7166667,-3.8500000
loc_56904,Pontchâteau,47.4349402,-2.0919069
loc_4046,Ponte Nova,-20.4169500,-42.8957410
loc_26663,Pontedeume,43.4025770,-8.1526900
loc_9674,Pontefract,53.6833333,-1.3000000
loc_3141,Pontiac,42.6388890,-83.2911110
loc_30665,Pontivy,48.0653010,-2.9659130
loc_150162,Pontnewynydd,51.7063889,-3.0444444
loc_4662,Pontoise,49.0488130,2.0929600
loc_54887,Pontoise,49.0488132,2.0929605
loc_1761,Pontypridd,51.6013889,-3.3447222
loc_7254,Poole,50.7166667,-2.0000000
loc_85492,Pope,34.2151108,-89.9478679
loc_3088,Pordenone,45.9626510,12.6550440
loc_25980,Pori,61.5694150,21.5286320
loc_4639,Port Antonio,18.1599990,-76.3799970
loc_1260,Port Arthur,29.9000000,-93.9300000
loc_3867,Port Chalmers,-45.8098600,170.6157070
loc_4353,Port Chester,41.0016670,-73.6661110
loc_22383,Port Elizabeth,-33.9326400,25.5699500
loc_6917,Port Glasgow,55.9333333,-4.7000000
loc_54070,Port Harcourt,4.7848210,7.0054530
loc_4784,Port Huron,42.9708330,-82.4250000
loc_11656,Port Jervis,41.3750000,-74.6930560
loc_21272,Port Louis,-20.1700000,57.5099980
loc_42000,Port Maria,18.3674780,-76.8915080
loc_20512,Port Moresby,-9.4799990,147.1799920
loc_55412,Port Neches,29.9800600,-93.9627450
loc_4294,Port of Spain,10.6599990,-61.5099980
loc_6697,Port St. Lucie,27.2936110,-80.3505560
loc_103025,Port Sudan,19.6166667,37.2166667
loc_323,Port Townsend,48.1172220,-122.7591670
loc_16735,Port-au-Prince,18.5400000,-72.3399960
loc_64402,Port-au-Prince,18.5392690,-72.3364080
loc_77312,Port-de-Paix,19.9396790,-72.8312140
loc_28126,Port-Gentil,-0.7297000,8.7863000
loc_5761,Portage,42.2011110,-85.5800000
loc_63522,Portage la Prairie,49.9730580,-98.2912120
loc_62556,Portchester,50.8333333,-1.1166667
loc_2121,Porthcawl,51.4797222,-3.7061111
loc_41025,Portici,40.8140510,14.3390190
loc_186,Portland,45.5236110,-122.6750000
loc_806,Portland,43.6613890,-70.2558330
loc_63546,Portmore,17.9798724,-76.8759305
loc_14375,Portneuf,46.7103890,-71.8959520
loc_125457,Portneuf-sur-Mer,48.6167000,-69.1010000
loc_647,Porto,41.1500010,-8.6199990
loc_2563,Porto Alegre,-30.0395300,-51.2079890
loc_50066,Porto Quipiri,-8.6130000,13.5560000
loc_138878,Porto Real do Colégio,-10.1859230,-36.8356260
loc_65333,Porto San Giorgio,43.1837777,13.7943888
loc_67071,Porto-Novo,6.4783530,2.6325030
loc_22021,Portonovo,42.3989180,-8.7876580
loc_140660,Portorož,45.5145067,13.5904848
loc_1262,Portsmouth,43.0716670,-70.7630560
loc_16190,Portsmouth,38.7316670,-82.9977780
loc_163,Portsmouth,50.7666667,-1.0833333
loc_802,Portsmouth,36.8352780,-76.2986110
loc_74351,Posio,66.1095291,28.1729234
loc_275,Poteet,29.0402780,-98.5677780
loc_14752,Potsdam,52.3950720,13.0398260
loc_150483,Potters Village,17.1030560,-61.8069440
loc_6369,Pottstown,40.2452780,-75.6500000
loc_2666,Poughkeepsie,41.7002780,-73.9213890
loc_16369,Poviglio,44.8451670,10.5353330
loc_5779,Poway,32.9627780,-117.0350000
loc_890,Poznań,52.4000010,16.8999990
loc_62528,Prades,42.6159906,2.4214745
loc_28073,Praha,50.0878110,14.4204590
loc_63266,Praha,50.0668369,14.4607636
loc_70171,Praia,14.9208333,-23.5083333
loc_8166,Prairie Village,38.9916670,-94.6333330
loc_3342,Prattville,32.4638890,-86.4597220
loc_41466,Predappio,44.1063330,11.9816570
loc_1082,Prestatyn,53.3333333,-3.4166667
loc_966,Preston,53.7666667,-2.7166667
loc_982,Prestwich,53.5333333,-2.2833333
loc_5772,Pretoria,-25.7313400,28.2183700
loc_33573,Prešov,49.0016750,21.2400290
loc_57859,Price,48.6021440,-68.1262960
loc_92519,Prilep,41.3517300,21.5621400
loc_4200,Prince Albert,53.2022540,-105.7374580
loc_52363,Princesa Isabel,-7.7367888,-37.9878531
loc_14397,Princeton,37.1091670,-87.8819440
loc_24151,Princeton,41.3717700,-89.4641100
loc_440,Princeton,40.3486110,-74.6594440
loc_146881,Prishtinë,42.6633330,21.1622220
loc_874,Prosperous,53.2900000,-6.7500000
loc_191,Providence,41.8238890,-71.4133330
loc_20710,Provincetown,42.0583330,-70.1791670
loc_176,Provins,48.5592070,3.3024260
loc_20362,Prétot-Vicquemare,49.7294520,0.8532840
loc_65547,Pucallpa,-8.3873090,-74.5273970
loc_48664,Puch,47.7170864,13.0904419
loc_7160,Pueblo,38.2544440,-104.6086110
loc_27214,Puerta de Tierra,18.4636100,-66.0966700
loc_8970,Puerto Montt,-41.4751510,-72.9521030
loc_118636,Pufești,46.0000000,27.2000000
loc_133947,Puig-reig,41.9741670,1.8805560
loc_8935,Pula,44.8800010,13.8400000
loc_126462,Purbrook,50.8655310,-1.0366900
loc_615,Purmerend,52.5157340,4.9690720
loc_52076,Pushkin,59.7080689,30.4186097
loc_4604,Puteaux,48.8833260,2.2376780
loc_91120,Puteaux,48.8847480,2.2396400
loc_69896,Putney,51.4649000,-0.2211000
loc_68883,Puvirnituq,60.0333290,-77.2833320
loc_13995,Puławy,51.4300000,21.9799990
loc_123551,Pyecombe,50.8833333,0.1666667
loc_18131,Pyla,35.0299980,33.6899980
loc_127648,Pyshma,56.9530560,63.2386110
loc_13125,Pärnu,58.3983690,24.5007800
loc_24160,Pécs,46.0712730,18.2331380
loc_43964,Pély,47.4956840,20.3391690
loc_22984,Périgueux,45.1867980,0.7218350
loc_22600,Pétion-Ville,18.5200000,-72.2900000
loc_14829,Pézenas,43.4598840,3.4236860
loc_13285,Pê,-9.1813520,-75.0023650
loc_22129,Písek,49.3100010,14.1400000
loc_28405,Püttlingen,49.2853900,6.8881220
loc_26127,Qingdao,36.0986111,120.3719444
loc_25038,Qiryat Atta,32.8100010,35.1199980
loc_4207,Quakertown,40.4416670,-75.3419440
loc_753,Quantico,38.5222220,-77.2938890
loc_126753,Quatipuru,-0.9008330,-47.0058330
loc_53617,Quedlinburg,51.7835639,11.1420559
loc_183,Queens,40.7205560,-73.8219440
loc_2240,Queensbury,53.7666667,-1.9166667
loc_63286,Queenstown,-31.8970103,26.8734437
loc_66321,Queenstown,45.6883620,-66.1119600
loc_70255,Quetzaltenango,14.8361560,-91.5219590
loc_6115,Quezon City,14.6628700,121.0653990
loc_132431,Quiberon,47.4833000,-3.1167000
loc_139067,Quilmes,-34.7241820,-58.2611260
loc_58636,Quilmes,-34.7260246,-58.2543564
loc_64597,Quilpué,-33.0364425,-71.4413865
loc_11531,Quimper,47.9996200,-4.0902810
loc_2849,Quincy,42.2527780,-71.0027780
loc_9571,Quincy,39.9355560,-91.4097220
loc_68879,Quins,42.2808759,-8.1984926
loc_96630,Quisqueya,18.5597310,-69.4055860
loc_6998,Quito,-0.2231510,-78.5126770
loc_13385,Quivicán,22.8241600,-82.3546830
loc_148767,Quivicán,22.8247220,-82.3558330
loc_2932,Québec,46.8265620,-71.3023800
loc_8758,Rabat,34.0200000,-6.8400000
loc_138296,Rabaul,-4.3500000,152.2666670
loc_65365,Radeberg,51.1180470,13.9222440
loc_35833,Radom,51.4027240,21.1471330
loc_144156,Radès,36.7683330,10.2750000
loc_87336,Rafelbunyol,39.5888629,-0.3344896
loc_17410,Rahway,40.6080560,-74.2780560
loc_14977,Rakvere,59.3600000,26.3600000
loc_752,Raleigh,35.7719440,-78.6388890
loc_14962,Ramatuelle,43.2153330,6.6122810
loc_16197,Rambouillet,48.6429610,1.8258190
loc_146263,Ramla,31.9275000,34.8625000
loc_12391,Ramsey,39.1444440,-89.1086110
loc_128998,Ranafast,55.0509410,-8.2356260
loc_106501,Randolph,43.9408988,-72.6076030
loc_70634,Rantasalmi,62.0645547,28.3037458
loc_133529,Rapel,-33.9430560,-71.7361110
loc_7095,Rapid City,44.0805560,-103.2305560
loc_55129,Raszyn,52.1556469,20.9221119
loc_4378,Raufoss,60.7299990,10.6300000
loc_23969,Rauma,61.1368160,21.4856050
loc_33146,Rautalampi,62.6255620,26.8232480
loc_3665,Ravenna,44.3634270,11.9544710
loc_34365,Ravensburg,47.7843000,9.6099310
loc_14862,Ravensdale,47.3525000,-121.9825000
loc_7985,Rawalpindi,33.6058010,73.0437470
loc_41770,Rawtenstall,53.7000000,-2.2833333
loc_3526,Rayne,30.2347220,-92.2683330
loc_19643,Re,46.1332400,8.5499620
loc_745,Reading,40.3355560,-75.9272220
loc_9240,Reading,42.5255560,-71.0958330
loc_979,Reading,51.4333333,-1.0000000
loc_3401,Recife,-8.0851680,-34.9146390
loc_1680,Recklinghausen,51.6112880,7.1973820
loc_721,Red Bank,40.3469440,-74.0647220
loc_32374,Red Bluff,40.1763210,-122.2398390
loc_34058,Red Tank,9.0000000,-79.6000000
loc_49901,Redbridge,50.9166667,-1.4666667
loc_989,Redcar,54.6075000,-1.0594444
loc_6392,Redcliffe,-27.2247600,153.1091000
loc_821,Redding,40.5866670,-122.3905560
loc_5994,Redditch,52.3000000,-1.9333333
loc_1350,Redlands,34.0316670,-117.2077780
loc_9364,Redmond,47.6741670,-122.1202780
loc_4357,Redondo,38.6500010,-7.5399990
loc_2006,Redruth,50.2302778,-5.2272222
loc_8049,Redwood City,37.4861110,-122.2333330
loc_21414,Regensburg,49.0164910,12.1009040
loc_14682,Reggio Calabria,38.1092910,15.6439330
loc_1753,Reggio Emilia,44.7005610,10.6336560
loc_25174,Reggio nell&#39;Emilia,44.6981000,10.6307840
loc_492,Regina,50.4525570,-104.6112960
loc_38593,Rehovot,31.8833330,34.8000000
loc_12588,Reigate,51.2333333,-0.2166667
loc_1843,Reims,49.2565930,4.0331080
loc_42633,Reims,49.2566020,4.0330910
loc_21638,Reinerton,40.5891670,-76.5527780
loc_89576,Rekken,52.0961111,6.7247222
loc_58857,Remagen,50.5788420,7.2269858
loc_119827,Remanzacco,46.0851670,13.3210044
loc_23681,Remiremont,48.0165060,6.5898790
loc_35527,Remscheid,51.1793040,7.1939360
loc_18090,Renaix,50.7483890,3.6013660
loc_145342,Renca,-33.4000000,-70.7166670
loc_65078,Rende,39.3315484,16.1814557
loc_10007,Renens,46.5424860,6.5812560
loc_91318,Rennebu,62.8122536,9.8429916
loc_825,Rennes,48.1117370,-1.6802300
loc_1219,Reno,39.5297220,-119.8127780
loc_3166,Repentigny,45.7522480,-73.4547600
loc_26464,Resende,41.1050870,-7.9642370
loc_16467,Reserve,30.0536110,-90.5516670
loc_4319,Reston,38.9686110,-77.3413890
loc_79435,Retford,53.3169000,-0.9408000
loc_60901,Rethimno,35.3668660,24.4747280
loc_3747,Reutlingen,48.4908910,9.2058420
loc_15646,Reuver,51.2671570,6.0385260
loc_1702,Revere,42.4083330,-71.0125000
loc_97296,Revin,49.9418930,4.6371990
loc_123,Reykjavík,64.1399990,-21.9200000
loc_17604,Rheda-Wiedenbrück,51.8437200,8.3007010
loc_22416,Rheinbach,50.6257780,6.9506330
loc_12781,Rheinfelden,47.5666590,7.7977170
loc_1324,Rhinebeck,41.9266670,-73.9130560
loc_64678,Rhodes,36.4432350,28.2270070
loc_2165,Rhondda,51.6500000,-3.4833333
loc_116614,Rhuddlan,53.2833333,-3.4666667
loc_1080,Rhyl,53.3166667,-3.5000000
loc_8205,Rialto,34.1063890,-117.3694440
loc_3239,Ribnica,45.7400010,14.7299990
loc_51291,Richenthal,47.2190425,7.9466960
loc_284,Richmond,51.4500000,-0.2833333
loc_3786,Richmond,49.1613860,-123.1253700
loc_4424,Richmond,37.9358330,-122.3466670
loc_824,Richmond,37.5536110,-77.4605560
loc_834,Richmond,39.8288890,-84.8902780
loc_31441,Richmond upon Thames,51.4333333,-0.3000000
loc_51846,Ridgeland,32.4263270,-90.1300260
loc_7440,Ridgeway,36.5766670,-79.8586110
loc_4192,Ridgewood,40.9791670,-74.1169440
loc_105,Riga,56.9700010,24.1299990
loc_28027,Rigaud,45.4793000,-74.2982200
loc_3517,Riihimäki,60.7415080,24.7830390
loc_3389,Rijeka,45.3300010,14.4399990
loc_63350,Rijeka,45.4070010,15.2549799
loc_23416,Rijkevorsel,51.3493470,4.7604000
loc_15673,Rijsbergen,51.5158350,4.7006240
loc_3512,Rimouski,48.4321850,-68.5140320
loc_1806,Ringwood,41.1133330,-74.2458330
loc_55061,Rinteln,52.2005340,9.1948930
loc_54321,Rio Bonito,-22.7083661,-42.6259698
loc_4516,Rio Branco,-9.9785800,-67.8118360
loc_13604,Rio Claro,-22.4083600,-47.5565490
loc_293,Rio de Janeiro,-22.9093700,-43.2149980
loc_67,Rio de Janeiro,-22.9099990,-43.2000000
loc_22910,Riom,45.8923520,3.1133680
loc_1024,Ripley,54.0333333,-1.5666667
loc_25402,Riposto,37.7317810,15.2033710
loc_5097,Riverdale,40.9005560,-73.9063890
loc_11695,Riverside,40.0322220,-74.9577780
loc_315,Riverside,33.9533330,-117.3952780
loc_115044,Rivne,50.6199000,26.2516170
loc_66032,Riyadh,24.6880015,46.7224333
loc_24965,Road Town,18.4206950,-64.6399680
loc_16326,Roanne,46.0391820,4.0718680
loc_1319,Robbinsville,35.3227780,-83.8075000
loc_65907,Roberval,48.5177540,-72.2250000
loc_46856,Robin&#39;s Hall,18.2000000,-77.5500000
loc_24669,Robinson,38.9976880,-87.7341900
loc_2079,Rochdale,53.6166667,-2.1500000
loc_129597,Rochefort-sur-Loire,47.3577780,-0.6547220
loc_30080,Rochelle,41.9195310,-89.0650540
loc_2007,Rochester,51.3833333,0.5166667
loc_31,Rochester,43.1547220,-77.6158330
loc_4641,Rochester,44.0216670,-92.4697220
loc_6667,Rochester Hills,42.6583330,-83.1500000
loc_150971,Rock,55.4666667,-1.6666667
loc_1330,Rock Falls,41.7797220,-89.6888890
loc_76788,Rock Hill,41.6259256,-74.5976603
loc_1275,Rock Island,41.5094440,-90.5786110
loc_31856,Rockdale,30.6535120,-97.0060070
loc_384,Rockford,42.2711110,-89.0938890
loc_68305,Rockfort,18.0015343,-76.8278580
loc_12890,Rockhampton,-23.3759900,150.5126040
loc_25025,Rockingham,34.9358300,-79.7740600
loc_1954,Rockville,39.0838890,-77.1530560
loc_8025,Rockville Centre,40.6586110,-73.6416670
loc_413,Rocky Mount,35.9380560,-77.7908330
loc_51762,Rodas,22.3333333,-80.5500000
loc_4182,Rodeo,38.0330560,-122.2658330
loc_17903,Rodez,44.3509240,2.5735100
loc_47733,Rodos,36.4337220,28.2201150
loc_8717,Roermond,51.2000970,6.0055380
loc_4232,Rogers,30.9313890,-97.2263890
loc_43824,Rohrau,48.0657890,16.8593320
loc_944,Rolling Fork,32.9063890,-90.8780560
loc_1486,Roma,41.9199520,12.5170960
loc_15741,Roman,46.9305000,26.9459800
loc_313,Romeo,42.8027780,-83.0130560
loc_1093,Romford,51.5833333,0.2000000
loc_43652,Romilly-sur-Seine,48.5195440,3.7263170
loc_21147,Roncade,45.6280610,12.3747990
loc_116367,Roncocesi,44.7372040,10.5801450
loc_48004,Ronda,36.7419620,-5.1664120
loc_7300,Roosevelt,40.6786110,-73.5894440
loc_51256,Rorschach,47.4782980,9.4929920
loc_92715,Rosaireville,46.8245710,-65.2999550
loc_3192,Rosario,-32.9377400,-60.6639400
loc_141462,Rosenovo,42.2916670,27.2277780
loc_10087,Roseville,42.4972220,-82.9372220
loc_2576,Roseville,38.7522220,-121.2869440
loc_35580,Rosewood,37.0885780,-87.0856950
loc_1682,Rosine,37.4502780,-86.7413890
loc_143643,Rosières-en-Santerre,49.8141670,2.7033330
loc_54917,Roskilde,55.6414856,12.0804175
loc_7808,Roskilde,55.6500010,12.0900000
loc_1765,Roslyn,45.4952780,-97.4905560
loc_146856,Rosman,35.1458330,-82.8202780
loc_1229,Rosny-sous-Bois,48.8742640,2.4825470
loc_3581,Rossville,35.0483330,-89.5425000
loc_107150,Rostov-on-Don,47.2333330,39.7000000
loc_133643,Rostrenen,48.2372000,-3.3155000
loc_314,Roswell,33.3950000,-104.5266670
loc_5169,Roswell,34.0230560,-84.3616670
loc_5451,Rotherham,53.4333333,-1.3500000
loc_2131,Rothwell,52.4166667,-0.8000000
loc_14249,Rotorua,-38.1428300,176.2380070
loc_1769,Rotterdam,51.9255910,4.4851520
loc_536,Roubaix,50.6912710,3.1732050
loc_10570,Rouen,49.4423670,1.0984920
loc_1202,Rouen,49.4423670,1.0984920
loc_3310,Rouyn-Noranda,48.0176000,-78.2965250
loc_11697,Rovaniemi,66.4914630,25.6896590
loc_16503,Rovigo,45.0707370,11.7897960
loc_3930,Roxbury,42.3250000,-71.0958330
loc_17063,Royal,42.3322220,-98.1255560
loc_2612,Royal Oak,42.4894440,-83.1447220
loc_18499,Royal Tunbridge Wells,51.1333333,0.2833333
loc_127421,Rozay-en-Brie,48.6833330,2.9666670
loc_1771,Rozenburg,51.8905160,4.2535160
loc_45490,Rubtsovsk,51.5211300,81.2027130
loc_19843,Rueil-Malmaison,48.8773950,2.1791330
loc_1021,Rugby,52.3666667,-1.2500000
loc_17566,Rumford,44.5536110,-70.5513890
loc_2276,Rumoi,43.9344444,141.6427778
loc_19815,Rumson,40.3719440,-73.9994440
loc_75245,Ruovesi,61.9848588,24.0569579
loc_2088,Rusholme,53.4500000,-2.2333333
loc_1334,Ruston,32.5230560,-92.6377780
loc_7441,Rutherford,40.8263890,-74.1072220
loc_144549,Ruvyagira,-3.4718771,29.4158941
loc_36299,Rzeszów,50.0409470,21.9992810
loc_24762,Rääkkylä,62.3139020,29.6243110
loc_85080,Réaux,45.4773883,-0.3749902
loc_53354,Río Cuarto,-33.1320200,-64.3496700
loc_12658,Rö,45.9471150,24.9804990
loc_34371,Røros,62.5780500,11.3919530
loc_132346,Rýmařov,49.9333330,17.2666670
loc_36984,Rīga,56.9465380,24.1048490
loc_34616,S.Martino Spino,44.8918910,11.0959180
loc_52944,Saalfeld,50.6505118,11.3542862
loc_2565,Saarbrücken,49.2348610,6.9944120
loc_96941,Sablé-sur-Sarthe,47.7000930,-0.4512350
loc_4368,Sacile,45.9540930,12.5023330
loc_40,Sacramento,38.5816670,-121.4933330
loc_129036,Saddle Lake,53.9683330,-111.6919440
loc_25711,Sado,38.7902778,140.2186111
loc_148408,Saen Suk,13.2883283,100.9206910
loc_53812,Saerbeck,52.1727432,7.6352044
loc_19238,Safi,32.3199990,-9.2399990
loc_145264,Sagaing,21.8822220,95.9786110
loc_5885,Sagamihara,35.5530556,139.3544444
loc_1470,Saginaw,43.4194440,-83.9508330
loc_1590,Saguenay,48.3969640,-71.1140540
loc_1993,Saint Albans,51.7500000,-0.3333333
loc_44877,Saint Ann&#39;s Bay,18.4300100,-77.1990590
loc_71675,Saint Claude,16.0333300,-61.7000000
loc_1391,Saint John,45.2796090,-66.0628070
loc_147050,Saint Joseph,15.4056510,-61.4247750
loc_2946,Saint Joseph,39.7686110,-94.8463890
loc_342,Saint Louis,38.6272220,-90.1977780
loc_3811,Saint Matthews,33.6647220,-80.7780560
loc_51993,Saint Maurice,47.9249356,-3.2528291
loc_1977,Saint Paul,44.9444440,-93.0930560
loc_2711,Saint Petersburg,59.9300000,30.3199990
loc_9852,Saint-André-lez-Lille,50.6613750,3.0502030
loc_73430,Saint-Avold,49.1013711,6.7087318
loc_16779,Saint-Brieuc,48.5138350,-2.7626390
loc_58944,Saint-Chartier,46.6477200,1.9764449
loc_55926,Saint-Claude,16.0264300,-61.6982360
loc_5141,Saint-Cloud,48.8439810,2.2194180
loc_45580,Saint-Cyr-l&#39;École,48.8008300,2.0633000
loc_68111,Saint-Dalmas-le-Selvage,44.2835809,6.8658981
loc_10015,Saint-Denis,-20.8672200,55.4567600
loc_116,Saint-Denis,48.9360200,2.3648550
loc_33331,Saint-Dizier,48.6372850,4.9497010
loc_37033,Saint-Eustache,45.5650730,-73.9055670
loc_56719,Saint-Flavien,46.5161170,-71.5997330
loc_61215,Saint-Félicien,48.7145120,-72.6554030
loc_107707,Saint-Gaudens,42.9410865,-0.3748354
loc_143700,Saint-Georges,3.8889000,-51.8012000
loc_355,Saint-Germain-en-Laye,48.8987320,2.0935960
loc_50408,Saint-Gratien,48.9693092,2.2850582
loc_27611,Saint-Hilaire-en-Lignières,46.7266240,2.1740000
loc_32331,Saint-Hubert,45.4982440,-73.4065140
loc_142739,Saint-Hugues,45.7947220,-72.8597220
loc_64904,Saint-Jean-d&#39;Angély,45.9463110,-0.5292832
loc_25927,Saint-Jean-de-Liversay,46.2467740,-0.8545500
loc_45849,Saint-Jean-de-Luz,43.3878680,-1.6602830
loc_31011,Saint-Jean-de-Monts,46.7936530,-2.0616210
loc_54224,Saint-Jean-sur-Richelieu,45.3061180,-73.2657810
loc_69244,Saint-Joseph-de-Sorel,46.0425820,-73.1265540
loc_27658,Saint-Jérôme,45.7801200,-74.0034730
loc_42684,Saint-Lambert,45.5014420,-73.5113510
loc_92694,Saint-Leu,-21.1736770,55.2903250
loc_32792,Saint-Lin-Laurentides,45.8524240,-73.7571110
loc_81286,Saint-Louis,-21.2867000,55.4092000
loc_152035,Saint-Lyé,48.3641670,4.0019440
loc_89585,Saint-Maixent-l&#39;École,46.4808710,-0.3955130
loc_23375,Saint-Malo,48.6481780,-2.0260890
loc_19044,Saint-Mandé,48.8397310,2.4175490
loc_23612,Saint-Marcelin des Escoumins,48.3428080,-69.4067210
loc_12753,Saint-Maur-des-Fossés,48.7979070,2.5029600
loc_15942,Saint-Mihiel,48.8922610,5.5412630
loc_17632,Saint-Nazaire,47.2743200,-2.2136140
loc_74255,Saint-Nil,48.7302050,-67.2377980
loc_40777,Saint-Omer,50.7500580,2.2607210
loc_22697,Saint-Ouen,47.8101110,1.0815940
loc_71467,Saint-Ouen-l&#39;Aumône,49.0447000,2.1111000
loc_138003,Saint-Ouen-sur-Seine,48.8557000,2.3346000
loc_65740,Saint-Pacôme,47.4095580,-69.9478750
loc_11541,Saint-Pascal,48.3337180,-70.8821940
loc_47463,Saint-Pierre,46.7877720,-56.1968160
loc_77374,Saint-Pierre,48.6386000,-0.2081000
loc_92231,Saint-Pierre,14.7549809,-61.1519716
loc_125156,Saint-Pierre-de-Chartreuse,45.3333330,5.8166670
loc_140702,Saint-Prime,48.5931357,-72.3358653
loc_3731,Saint-Quentin,49.8481790,3.2882180
loc_86370,Saint-Quentin,48.5948200,-4.4846521
loc_24849,Saint-Raphaël,45.3040180,1.0737890
loc_87184,Saint-Raymond,45.4343513,-75.7591142
loc_4245,Saint-Renan,48.4303440,-4.6153780
loc_136060,Saint-Salvadour,45.3956000,1.7672000
loc_78359,Saint-Sever,48.8475300,-1.0583150
loc_83520,Saint-Sébastien-sur-Loire,47.2071998,-1.5041184
loc_40284,Saint-Éloi,48.0255240,-69.2037390
loc_13363,Saint-Étienne,45.4396370,4.3878310
loc_98817,Sainte-Anne,-26.1532781,28.1602935
loc_95916,Sainte-Anne-des-Monts,49.1191950,-66.5270029
loc_26251,Sainte-Foy,46.7566690,-71.2946040
loc_59214,Sainte-Foy-la-Grande,44.8387601,0.2180387
loc_151099,Sainte-Foy-lès-Lyon,45.7363400,4.7881100
loc_23554,Sainte-Geneviève-des-Bois,48.6338730,2.3359140
loc_31429,Sainte-Tréphine,48.2693990,-3.1545620
loc_79022,Sainte-Veronique,46.5125120,-74.9898580
loc_65045,Saintes,45.7474370,-0.6371092
loc_64351,Saitama,35.8666670,139.6500000
loc_63324,Sakado,35.9569444,139.3888889
loc_32423,Sakai,34.5833333,135.4666667
loc_100244,Saku,36.2166667,138.4833333
loc_44700,Salaberry-de-Valleyfield,45.2951720,-74.0345430
loc_8631,Salamanca,40.9649720,-5.6630470
loc_16207,Sale,53.4166667,-2.3000000
loc_1454,Salem,38.6269440,-88.9455560
loc_3198,Salem,37.6455560,-91.5358330
loc_3286,Salem,42.5194440,-70.8972220
loc_3849,Salem,44.9430560,-123.0338890
loc_1084,Salford,53.4833333,-2.2666667
loc_30448,Salgótarján,48.0853170,19.7869360
loc_140977,Saligny-sur-Roudon,46.4666670,3.7500000
loc_8258,Salina,38.8402780,-97.6111110
loc_4394,Salinas,36.6777780,-121.6544440
loc_2110,Salisbury,51.0666667,-1.7833333
loc_40810,Sallaumines,50.4221190,2.8487610
loc_78448,Salluit,62.2000000,-75.6333333
loc_324,Salt Lake City,40.7608330,-111.8902780
loc_5360,Salta,-24.7890210,-65.4080960
loc_960,Saltburn-by-the-Sea,54.5847222,-0.9763889
loc_243,Salvador,-13.0050480,-38.5177360
loc_463,Salzburg,47.8080100,13.0522800
loc_39303,Salé,34.0400000,-6.8162000
loc_50272,Samara,53.2021600,50.1596184
loc_120877,San Andrés Tuxtla,18.4440354,-95.2132694
loc_48,San Antonio,29.4238890,-98.4933330
loc_3937,San Antonio de los Baños,22.8911860,-82.4955830
loc_775,San Benito,26.1322220,-97.6308330
loc_4962,San Bernardino,34.1213890,-117.3022220
loc_4723,San Bruno,37.6305560,-122.4100000
loc_27841,San Carlos,-36.4221800,-71.9556580
loc_5492,San Clemente,33.4269440,-117.6111110
loc_215,San Diego,32.7152780,-117.1563890
loc_47399,San Fernando,36.4656360,-6.1966240
loc_773,San Fernando,34.2819440,-118.4380560
loc_138,San Francisco,37.7750000,-122.4183330
loc_35320,San Francisco de Macorís,19.3009490,-70.2541890
loc_11645,San Gabriel,34.0961110,-118.1050000
loc_137290,San Ignacio,-36.5333330,-72.4333330
loc_70397,San Joaquín de Flores,10.0082780,-84.1490830
loc_211,San Jose,37.3352780,-121.8938890
loc_13044,San José,9.9271280,-84.0820120
loc_145004,San José de los Arroyos,-25.5400000,-56.7300000
loc_376,San Juan,18.4683330,-66.1061110
loc_126444,San Juan del Cesar,10.7847450,-72.9963050
loc_96377,San Luis,20.1880556,-75.8486111
loc_1872,San Marcos,29.8830560,-97.9411110
loc_3473,San Marino,34.1213890,-118.1055560
loc_109621,San Martín,3.6944400,-73.6936000
loc_5893,San Martín,-37.9802210,-62.3351400
loc_828,San Mateo,37.5630560,-122.3244440
loc_142938,San Miguel,-33.4858330,-70.6494440
loc_46052,San Miguel de Allende,20.9172920,-100.7453510
loc_3209,San Miguel de Tucumán,-26.8294790,-65.2142720
loc_1732,San Pedro,33.7358330,-118.2913890
loc_43962,San Pedro,-40.8632510,-70.5602040
loc_85179,San Pedro de Macorís,18.4557590,-69.3078080
loc_23367,San Piero Patti,38.0515670,14.9679090
loc_5460,San Rafael,37.9736110,-122.5300000
loc_55230,San Rafael,-34.6131502,-68.3410076
loc_44279,San Saba,31.1957440,-98.7255220
loc_94721,San Vicente,-35.0538035,-58.4399208
loc_42904,Sanary-sur-Mer,43.1209990,5.8045780
loc_18317,Sandersville,32.9813890,-82.8102780
loc_26899,Sandown,42.9262300,-71.1871900
loc_16646,Sangli,16.8543800,74.5641710
loc_69770,Sankt Gallen,47.4264840,9.3760520
loc_49187,Sanlúcar de Barrameda,36.7788211,-6.3541978
loc_10619,Sannois,48.9683930,2.2674420
loc_2608,Sanremo,43.8194810,7.7634390
loc_12201,Sant Cugat del Vallès,41.4726690,2.0809480
loc_34097,Sant Feliu de Llobregat,41.3809380,2.0451720
loc_823,Santa Ana,33.7455560,-117.8669440
loc_218,Santa Barbara,34.4233330,-119.7033330
loc_3241,Santa Clara,22.4099990,-79.9700010
loc_5042,Santa Clarita,34.3916670,-118.5416670
loc_452,Santa Cruz,36.9741670,-122.0297220
loc_391,Santa Fe,35.6869440,-105.9372220
loc_5736,Santa Fe,-31.6168990,-60.6978420
loc_17308,Santa Marta,11.2495900,-74.1814500
loc_144138,Santa María de Ipire,8.8163890,-65.3202780
loc_152,Santa Monica,34.0194440,-118.4902780
loc_3359,Santa Rosa,-27.8680900,-54.4519810
loc_3561,Santa Rosa,38.4405560,-122.7133330
loc_27709,Santana de Parnaíba,-23.4441820,-46.9189540
loc_1662,Santander,43.4609610,-3.8079330
loc_494,Santiago,-33.4691200,-70.6419970
loc_856,Santiago,-33.4599990,-70.6399990
loc_6065,Santiago de Compostela,42.8720310,-8.5504180
loc_3325,Santiago de Cuba,20.0288910,-75.8289870
loc_23196,Santiago de los Caballeros,19.4556500,-70.7071910
loc_9787,Santiago del Estero,-27.7899610,-64.2692720
loc_15580,Santo Amaro,-12.5491600,-38.7144700
loc_45768,Santo Amaro da Purificação,-12.5702730,-38.7190690
loc_9016,Santo André,-23.6666670,-46.5166670
loc_37792,Santo Antônio de Pádua,-21.5396870,-42.1810310
loc_4265,Santo Domingo,18.4790140,-69.8907840
loc_6122,Santo Domingo,18.4799990,-69.9100030
loc_6386,Santos,-23.9547000,-46.3094900
loc_30432,Santurce,18.3582570,-66.0782070
loc_116982,Santurtzi,43.3281280,-3.0336586
loc_2033,Sapporo,43.0547222,141.3538889
loc_12730,Sarajevo,43.8499980,18.3799990
loc_27685,Sarajevo,43.8607500,18.4213600
loc_21857,Saranac Lake,44.3294440,-74.1316670
loc_50192,Saransk,54.1813811,45.1756899
loc_1367,Sarasota,27.3361110,-82.5308330
loc_38916,Saratoga,30.2836870,-94.5337310
loc_3327,Saratoga Springs,43.0830560,-73.7850000
loc_44737,Saratov,51.5332690,46.0345490
loc_16763,Sarcelles,48.9963080,2.3794640
loc_74343,Sarov,54.9301453,43.3372079
loc_3865,Sarpsborg,59.2787590,11.1134900
loc_17047,Sarralbe,48.9982900,7.0298710
loc_26991,Sarrebourg,48.7349750,7.0519000
loc_28876,Sarreguemines,49.1139060,7.0719160
loc_28473,Sarstedt,52.2353230,9.8580730
loc_1205,Sartrouville,48.9458250,2.1722770
loc_31538,Sarzana,44.1125180,9.9597040
loc_33434,Sasebo,33.1591667,129.7227778
loc_47991,Sassari,40.7213440,8.5652470
loc_14242,Saugerties,42.0775000,-73.9533330
loc_10473,Saumur,47.2555470,-0.0834210
loc_234,Savannah,32.0833330,-81.1000000
loc_84877,Savannakhet,16.5606590,104.7470020
loc_150702,Savigny-en-Terre-Plaine,47.4954226,4.0855373
loc_35178,Savigny-sur-Orge,48.6880930,2.3499940
loc_9932,Savona,44.3110770,8.4772380
loc_37173,Savonlinna,61.6999160,28.7626080
loc_1962,Sawbridgeworth,51.8166667,0.1500000
loc_64835,Sax,38.5375665,-0.8180652
loc_1263,Sayreville,40.4591670,-74.3613890
loc_83735,Saïda,34.8407520,0.1494730
loc_1152,Scarborough,43.7737850,-79.2446290
loc_364,Scarsdale,41.0050000,-73.7850000
loc_57583,Scaër,48.0275293,-3.7013354
loc_14739,Sceaux,48.7779490,2.2924570
loc_2841,Schaerbeek,50.8705250,4.3776590
loc_22525,Schaffhausen,47.6974670,8.6322270
loc_5328,Schenectady,42.8141670,-73.9400000
loc_66305,Schenefeld,53.6005290,9.8240400
loc_7281,Schiedam,51.9096850,4.4141270
loc_21427,Schwalmstadt,50.9100560,9.1991370
loc_39312,Schwarzenberg,50.5506030,12.7854030
loc_14873,Schweinfurt,50.0199580,10.2203210
loc_23029,Schwelm,51.2841500,7.2913890
loc_24431,Schwäbisch Hall,49.1109800,9.7407860
loc_19704,Schörfling am Attersee,47.9498650,13.6287320
loc_3433,Scott,30.2355560,-92.0944440
loc_907,Scott,33.5916670,-91.0741670
loc_102541,Scottburgh,-30.2862643,30.7551101
loc_71982,Scottdale,40.1003506,-79.5869834
loc_155,Scottsdale,33.5091670,-111.8983330
loc_3884,Scranton,41.4088890,-75.6627780
loc_1781,Scunthorpe,53.5833333,-0.6500000
loc_88413,Sderot,37.6557172,-88.9988098
loc_21104,Seaham,54.8366667,-1.3380556
loc_2632,Seal Beach,33.7413890,-118.1038890
loc_10,Seattle,47.6063890,-122.3308330
loc_2785,Sebastopol,38.4022220,-122.8227780
loc_14139,Secaucus,40.7894440,-74.0569440
loc_14588,Sedan,49.7010190,4.9444770
loc_75381,Sedgley,52.5333333,-2.1166667
loc_4808,Sedona,34.8697220,-111.7602780
loc_12805,Segovia,40.9494270,-4.1192090
loc_77474,Segré,47.6867500,-0.8726675
loc_803,Seguin,29.5686110,-97.9644440
loc_140392,Seika,34.7602651,135.7864538
loc_124252,Seki,38.5500000,139.5500000
loc_46569,Sekondi-Takoradi,4.9344000,-1.7183000
loc_116884,Selargius,39.2596768,9.1629372
loc_5649,Selma,32.4072220,-87.0211110
loc_46370,Semarang,-6.9714280,110.4254990
loc_356,Seminole,32.7188890,-102.6444440
loc_50741,Seminole,35.2407730,-96.6709710
loc_22124,Senatobia,34.6175000,-89.9686110
loc_2127,Sendai,38.2547222,140.8847222
loc_27434,Seneffe,50.5286700,4.2567400
loc_33460,Senlis,49.2041840,2.5862350
loc_5162,Senlis,49.2041840,2.5862360
loc_90720,Sens,48.2006500,3.2826800
loc_141096,Seocho,37.4836110,127.0325000
loc_1718,Seoul,37.5600010,126.9899970
loc_5573,Seoul,37.5323080,126.9574400
loc_14394,Sept-Îles,50.2177920,-66.3554640
loc_38015,Seredžius,55.0833330,23.4166670
loc_40142,Sergines,48.3424590,3.2632780
loc_15577,Serra Talhada,-7.9901130,-38.2947880
loc_132187,Serrières,45.3160000,4.7590000
loc_14894,Setagaya,35.6333333,139.6500000
loc_88887,Setouchi,28.1333330,129.3000000
loc_3203,Setúbal,38.5299980,-8.8900000
loc_62554,Setúbal,38.7071631,-9.1355170
loc_93844,Sevastopol&#39;,44.6166500,33.5253670
loc_2831,Severn,39.1369440,-76.6986110
loc_6057,Sevilla,37.3904950,-5.9979620
loc_42924,Sevran,48.9378860,2.5297670
loc_141598,Sewell,-34.0844440,-70.3827780
loc_1811,Seymour,38.9591670,-85.8902780
loc_53105,Shafipur,28.6400510,77.9578930
loc_71618,Shaftesbury,51.0052778,-2.1933333
loc_138775,Shaharut,29.9040980,34.9996150
loc_5516,Shanghai,31.2222222,121.4580556
loc_80169,Shanklin,50.6305178,-1.1758804
loc_96025,Shaoguan,24.8000000,113.5833333
loc_124628,Shaoshan,20.9550000,110.1341667
loc_4052,Sharon,32.6583330,-89.9361110
loc_4807,Sharon,41.8791670,-73.4772220
loc_1744,Shaw,33.6016670,-90.7736110
loc_16641,Shawinigan,46.6086440,-72.7622340
loc_1061,Sheboygan,43.7508330,-87.7144440
loc_26012,Sheerness,51.4333333,0.7666667
loc_208,Sheffield,53.3666667,-1.5000000
loc_50356,Sheffield,34.7554970,-87.6987060
loc_3829,Shelby,35.2922220,-81.5358330
loc_3247,Shenandoah,40.8202780,-76.2011110
loc_3991,Shenandoah,40.7655560,-95.3719440
loc_2225,Shenyang,41.7922222,123.4327778
loc_15872,Shepherd&#39;s Bush,51.5000000,-0.2166667
loc_2633,Sherbrooke,45.3473280,-71.9369910
loc_909,Sherman,33.6355560,-96.6086110
loc_115024,Sherwood Content,18.3833330,-77.6333329
loc_32872,Shibpur,22.9500000,90.9666670
loc_59641,Shibuya,35.6500000,139.6833330
loc_30372,Shijiazhuang,38.0413889,114.4786111
loc_139921,Shillingford,51.6166667,-1.1333333
loc_129726,Shima,36.6833333,138.7666667
loc_100234,Shimada,34.8166667,138.1833333
loc_45799,Shinagawa,35.6000000,139.7333330
loc_113642,Shingū,33.7333333,135.9833333
loc_2123,Shinjuku,36.1833333,139.0666667
loc_14759,Shizuoka,34.9666667,138.3833333
loc_2223,Shoreham-by-Sea,50.8333333,-0.2333333
loc_69451,Shotts,-3.8500000,55.8333330
loc_228,Shreveport,32.5250000,-93.7500000
loc_150718,Shuzenji,34.9666667,138.9333333
loc_37647,Shōdoshima,34.4833330,134.2333330
loc_12301,Si,46.0063570,14.7183010
loc_3101,Siboney,19.9638500,-75.7123790
loc_25316,Sicily Island,31.8466600,-91.6570100
loc_46730,Sidi Bel Abbès,35.1887000,-0.6395000
loc_3400,Siegen,50.8737960,8.0234070
loc_50193,Siemianowice Śląskie,50.3264314,19.0295714
loc_30556,Siena,43.3186610,11.3305130
loc_63019,Siguiri,11.4213330,-9.1686890
loc_125075,Siheung,37.3798600,126.8028870
loc_99106,Sikar,27.6067200,75.1381610
loc_98955,Siklós,45.8521470,18.2988281
loc_6038,Silkeborg,56.1599990,9.5500000
loc_117901,Silsbee,30.3490976,-94.1779624
loc_1276,Silver Spring,38.9905560,-77.0263890
loc_92935,Simferopol,44.9521170,34.1024170
loc_18309,Simmesport,30.9833330,-91.8000000
loc_2638,Simonton,29.6791670,-95.9769440
loc_4716,Sindelfingen,48.7084580,9.0035650
loc_3539,Singapore,1.2999990,103.8499980
loc_2764,Sint-Genesius-Rode,50.7500000,4.3499990
loc_14508,Sint-Niklaas,51.1699980,4.1300000
loc_16872,Sion,46.2394290,7.3535850
loc_420,Sioux City,42.5000000,-96.4000000
loc_3008,Sioux Falls,43.5500000,-96.7000000
loc_13690,Siracusa,37.0602150,15.2980090
loc_13825,Siracusa,4.2569810,-55.8624280
loc_80472,Sisak,45.4846833,16.3735695
loc_82006,Sitia,35.2078020,26.1063600
loc_2703,Sittard,51.0046130,5.8677930
loc_99235,Siwan,26.2199100,84.3579640
loc_16382,Six-Fours-les-Plages,43.0947450,5.8338070
loc_47901,Skellefteå,64.7510940,20.9536950
loc_111639,Skerries,53.5805519,-6.1078779
loc_1079,Skewen,51.6500000,-3.8666667
loc_2931,Skien,59.2072600,9.6149930
loc_21334,Skinnskatteberg,59.8291530,15.6897600
loc_76460,Skopje,41.9616846,21.6221919
loc_108474,Skultuna,59.7178781,16.4276810
loc_41497,Skunk Hollow,38.1778080,-85.9823460
loc_10342,Skövde,58.3793110,13.8506600
loc_1277,Slab Fork,37.6869440,-81.3316670
loc_30378,Slane,53.8198160,-6.7476600
loc_1599,Sledge,34.4319440,-90.2208330
loc_5702,Sligo,54.2799980,-8.4799990
loc_70525,Slottsbron,59.3333333,13.1000000
loc_2428,Slough,51.5000000,-0.5833333
loc_3633,Slovenj Gradec,46.5200000,15.0799990
loc_144972,Smarhoń,54.4808330,26.4011110
loc_150661,Smartt,35.6402780,-85.8366670
loc_131513,Smečno,50.1833330,14.0333330
loc_72335,Smithton,-40.8415140,145.1231870
loc_23299,Smithville,30.0087500,-97.1600200
loc_3191,Smithville,31.9002780,-84.2519440
loc_16799,SN,50.9280880,13.4571870
loc_1134,Snaresbrook,51.5666667,0.0166667
loc_3030,Sneedville,36.5297220,-83.2175000
loc_103877,Snodland,51.3166667,0.4333333
loc_15607,Sobral,-3.6891390,-40.3441090
loc_65707,Sochi,43.6115989,39.7224886
loc_3970,Social Circle,33.6561110,-83.7183330
loc_138393,Soe,10.9500000,-0.7833333
loc_21072,Soest,52.1574940,5.2966000
loc_12150,Sofia,45.4691550,9.9480010
loc_67100,Sofia,42.7062163,23.1480449
loc_36727,Sogndal,61.2299000,7.1005000
loc_37455,Soignies,50.5133390,4.0157230
loc_151027,Soileau,30.5902702,-92.6595369
loc_60789,Soisy-sous-Montmorency,48.9875692,2.2969087
loc_31554,Soka,35.8202778,139.8044444
loc_73350,Solbjerg,56.0404640,10.0870250
loc_91616,Soledad,10.9166667,-74.7500000
loc_38351,Solesmes,47.8514920,-0.3027770
loc_326,Solihull,52.4166667,-1.7833333
loc_13280,Solingen,1.3702580,103.8041640
loc_532,Solingen,51.1721450,7.0833900
loc_19535,Solna,59.3591380,18.0022530
loc_36233,Solothurn,47.2069590,7.5333120
loc_4077,Solvang,34.5958330,-120.1366670
loc_1349,Somain,50.3589780,3.2808490
loc_63061,Sombor,45.7744600,19.1238990
loc_38098,Somero,60.6297430,23.5164760
loc_24165,Somerset West,-34.0769390,18.8378200
loc_1321,Somerville,42.3875000,-71.1000000
loc_15173,Somerville,40.5741670,-74.6102780
loc_78640,Somoto,13.4833333,-86.5833333
loc_42578,Sona-Bata,-4.8993240,15.1575300
loc_12556,Sonoma,38.2919440,-122.4569440
loc_77814,Sophiatown,-26.1767000,27.9816000
loc_23768,Sopot,54.4462280,18.5677120
loc_4789,Sorel,46.0280810,-73.1089960
loc_20947,Sorel-Tracy,46.0239370,-73.1240390
loc_12213,Sorocaba,-23.5004810,-47.4603120
loc_24381,Soroti,1.7100000,33.5999980
loc_14747,Sorø,55.4300000,11.5699990
loc_69100,Sotteville-lès-Rouen,49.4146529,1.0915125
loc_133639,Soufflenheim,48.8300000,7.9600000
loc_68431,Soufli,41.1930290,26.3004590
loc_3441,Soulac-sur-Mer,45.5133980,-1.1221610
loc_78392,Sour El-Ghozlane,36.1472222,3.6905556
loc_57975,Sousse,35.8273000,10.6339000
loc_9271,South Amboy,40.4777780,-74.2911110
loc_6871,South Bend,41.6833330,-86.2500000
loc_9140,South Gate,33.9547220,-118.2111110
loc_11693,South Lyon,42.4605560,-83.6516670
loc_1315,South Orange,40.7488890,-74.2616670
loc_17213,South Portland,43.6413890,-70.2413890
loc_32562,South River,40.4426530,-74.3783180
loc_1140,South Shields,54.9877778,-1.4213889
loc_2045,Southall,51.5000000,-0.3666667
loc_1005,Southampton,50.9000000,-1.4000000
loc_17094,Southborough,42.3055560,-71.5250000
loc_1029,Southend,55.3166667,-5.6333333
loc_2412,Southend-on-Sea,51.5333333,0.7000000
loc_78745,Southfields,51.4465000,-0.1931000
loc_8278,Southington,41.5963890,-72.8780560
loc_1017,Southport,53.6666667,-3.0000000
loc_1088,Southsea,50.7833333,-1.0666667
loc_8517,Southwark,51.5000000,-0.0833333
loc_57201,Sovetsk,55.0814213,21.8884567
loc_73500,Soweto,-26.2601839,27.8663551
loc_3097,Spalding,41.6888890,-98.3630560
loc_90415,Spalding,52.3322222,-104.4975000
loc_590,Spanish Town,18.0000000,-76.9499960
loc_672,Spartanburg,34.9494440,-81.9322220
loc_62148,Spicewood,30.4750820,-98.1560180
loc_4263,Split,43.5099980,16.4500000
loc_127,Spokane,47.6588890,-117.4250000
loc_146635,Spring Gully,33.3875000,-79.4094440
loc_1231,Springfield,39.9305560,-75.3205560
loc_1469,Springfield,42.1013890,-72.5902780
loc_1893,Springfield,39.8016670,-89.6436110
loc_2651,Springfield,38.7891670,-77.1875000
loc_2890,Springfield,37.2152780,-93.2980560
loc_3917,Springfield,39.9241670,-83.8088890
loc_2476,Springhill,45.6419160,-64.0611520
loc_140326,Sremski Karlovci,45.2000000,19.9333330
loc_48229,St Albans,51.7550000,-0.3360000
loc_75554,St Andrews,56.3369780,-2.7997610
loc_46819,St Croix,17.7058450,-64.8585160
loc_41929,St Helens,53.4500000,-2.7500000
loc_144773,St Ives,50.2110000,-5.4800000
loc_69673,St John&#39;s Wood,51.5361000,-0.1751000
loc_89801,St Neots,52.2166670,-0.2500000
loc_125905,St Pancras,51.5267800,-0.1194910
loc_9755,St-Hyacinthe,45.6328720,-72.9480870
loc_43461,St-Martin-de-Beauce,45.9592770,-70.6627180
loc_23625,St-Michel-de-Wentworth,45.7691310,-74.4789570
loc_1157,St. Ann&#39;s,18.4300100,-77.1990590
loc_40662,St. Benoît,45.5670570,-74.0960540
loc_1151,St. Catharines,43.1689400,-79.2404600
loc_116340,St. John&#39;s,47.5605413,-52.7128315
loc_116900,St. John&#39;s,17.1175280,-61.8455570
loc_18793,St. Kilda,-37.8675730,144.9788140
loc_172,St. Louis,38.6272220,-90.1977780
loc_2777,St. Paul,44.9444440,-93.0930560
loc_832,St. Petersburg,27.7705560,-82.6794440
loc_12327,St. Pölten,48.2056080,15.6166400
loc_12678,St. Thomas,18.3433330,-64.9313890
loc_64267,St. Wendel,49.4684037,7.1698746
loc_2605,Stade,53.5990530,9.4737080
loc_12636,Stadskanaal,52.9942470,6.9577400
loc_1995,Stafford,52.8000000,-2.1000000
loc_129714,Staines-upon-Thames,51.4319440,-0.5108330
loc_14662,Stamford,52.6500000,-0.4833333
loc_2627,Stamford,41.0533330,-73.5391670
loc_5324,Stanford,37.4241670,-122.1650000
loc_3105,Stanton,33.8025000,-117.9922220
loc_6470,Stara Zagora,42.4199980,25.6299990
loc_144380,Staryja Vasiliški,53.7666670,24.8333330
loc_915,State College,40.7933330,-77.8602780
loc_46,Staten Island,40.5833330,-74.1500000
loc_10734,Statesville,35.7825000,-80.8875000
loc_786,Staunton,38.1494440,-79.0719440
loc_1820,Stavanger,58.9599610,5.7360970
loc_61,Stavanger,58.9700010,5.7100000
loc_2386,Staveley,53.2666667,-1.3500000
loc_149617,Stenay,49.4919440,5.1888890
loc_2940,Stephens,33.4111110,-93.0694440
loc_2207,Stepney,51.5166667,-0.0333333
loc_1472,Steubenville,40.3697220,-80.6341670
loc_1667,Stevenage,51.9166667,-0.2166667
loc_1354,Stillwater,36.1155560,-97.0580560
loc_10874,Stirling,56.1166667,-3.9500000
loc_1252,Stockbridge,33.5441670,-84.2338890
loc_103,Stockholm,59.3300010,18.0699990
loc_13208,Stockholm,59.2869480,18.0729770
loc_1025,Stockport,53.4000000,-2.1500000
loc_809,Stockton,37.9577780,-121.2897220
loc_8851,Stockton-on-Tees,54.5833333,-1.4166667
loc_2437,Stoke Newington,51.5666667,-0.0833333
loc_1628,Stoke-on-Trent,53.0000000,-2.1833333
loc_48333,Stokenchurch,51.6500000,-0.9000000
loc_1435,Stokmarknes,68.5599970,14.9099990
loc_2331,Stone,52.9000000,-2.1333333
loc_78287,Stone Town,-6.2219444,39.2247222
loc_4316,Stoneham,42.4800000,-71.1000000
loc_8125,Stony Brook,40.9255560,-73.1413890
loc_13419,Stoughton,42.1250000,-71.1027780
loc_1065,Stourbridge,52.4666667,-2.1333333
loc_1684,Strada in Chianti,43.6592460,11.2971590
loc_141285,Strafford,43.8658330,-72.3772220
loc_504,Strasbourg,48.5829600,7.7438380
loc_734,Strasbourg,48.5829590,7.7438380
loc_3374,Strasburg,46.1336110,-100.1611110
loc_1139,Stratford,51.5333333,0.0000000
loc_1430,Stratford,43.3714910,-80.9819600
loc_32015,Strathaven,55.6666667,-4.0666667
loc_130761,Stratton-on-the-Fosse,51.2533333,-2.4922222
loc_42853,Straubing,48.8799210,12.5702780
loc_993,Stroud,51.7500000,-2.2000000
loc_12137,Strumica,41.4414410,22.6418300
loc_5046,Strömstad,58.9430810,11.1776800
loc_5717,Studio City,34.1486110,-118.3955560
loc_139461,Sturge Town,18.4194820,-77.3142020
loc_11483,Stuttgart,48.7771270,9.1807080
loc_194,Stuttgart,48.7772180,9.1807250
loc_141884,Suarda,20.5730147,30.3189312
loc_69665,Subotica,46.0982090,19.6711100
loc_81091,Suchedniów,51.0476200,20.8292700
loc_50153,Sucy-en-Brie,48.7708480,2.5222281
loc_6097,Sudbury,46.4859050,-80.9753740
loc_74986,Sueca,39.2026363,-0.3106423
loc_3990,Suffolk,36.7280560,-76.5838890
loc_37024,Suginami,35.6900000,139.6300000
loc_101246,Sukkur,27.6908000,68.8485870
loc_139508,Sultan Kudarat,7.2621190,124.3088400
loc_31477,Sulzbach-Rosenberg,49.5052190,11.7385990
loc_19340,Summerland,49.6003690,-119.6755580
loc_9459,Summit,40.7413890,-74.3600000
loc_58868,Sumter County,32.6155551,-88.2461183
loc_889,Sunderland,54.9119444,-1.3833333
loc_20047,Sundsvall,45.6348010,11.4861470
loc_44244,Sundsvall,62.3908360,17.3069160
loc_2947,Sunflower,33.5427780,-90.5369440
loc_9664,Surabaya,-7.2399990,112.7399970
loc_58862,Surat,21.1950090,72.8195270
loc_13796,Suresnes,48.8701220,2.2221350
loc_28403,Surubim,-7.8499480,-35.7549230
loc_91185,Surulere,6.5170896,3.3491245
loc_2147,Sutton,54.2333333,-1.2500000
loc_2183,Sutton Coldfield,52.5651864,-1.8223572
loc_75434,Suva,-18.1200355,178.4410036
loc_78532,Suze-la-Rousse,44.2892042,4.8396216
loc_30866,Svatava,50.1904200,12.6268280
loc_21952,Sveio,59.5499990,5.3299990
loc_23753,Swanage,50.6000000,-1.9666667
loc_114033,Swansea,51.6214400,-3.9436460
loc_2129,Swarby,52.9333333,-0.4333333
loc_1001,Swindon,51.9333333,-2.1000000
loc_4257,Sydney,46.1378230,-60.1829510
loc_434,Sydney,-33.8915760,151.2417090
loc_8110,Sylmar,34.3077780,-118.4483330
loc_3563,Syosset,40.8261110,-73.5025000
loc_739,Syracuse,43.0480560,-76.1477780
loc_63705,Szarvas,46.8595000,20.5596239
loc_3267,Szczecin,53.4300000,14.5299990
loc_16773,Szeged,46.2557410,20.1570000
loc_31978,Szentendre,47.6734710,19.0725400
loc_20922,Szentes,46.6570700,20.2636300
loc_90938,Szentgotthárd,46.9527524,16.2737218
loc_15884,Szolnok,47.1800000,20.1800000
loc_22658,Szombathely,47.2351400,16.6219180
loc_63414,Szubin,53.0094200,17.7398900
loc_20260,Székesfehérvár,47.1930140,18.4172810
loc_143373,São Benedito,-4.0488890,-40.8650000
loc_12396,São Bento do Una,-8.5176410,-36.4427680
loc_128069,São Domingos,15.0280000,-23.5630000
loc_70170,São Domingos,15.0250000,-23.5625000
loc_139677,São Francisco de Paula,-29.4463370,-50.5812080
loc_13195,São Gonçalo,-22.8400000,-43.0699990
loc_6269,São José do Rio Preto,-20.8082810,-49.3811000
loc_12304,São João da Boa Vista,-21.9785590,-46.7920190
loc_112131,São Luiz Gonzaga,-28.4073985,-54.9613049
loc_15182,São Luís,-2.5145040,-44.3006780
loc_2525,São Paulo,-23.5300000,-46.6300010
loc_2945,São Paulo,-23.5813010,-46.6228980
loc_141984,São Roque do Pico,38.5133330,-28.3200000
loc_49204,São Tomé,0.3360000,6.7311000
loc_24983,Säffle,59.1323000,12.9290890
loc_12463,Sète,43.4017330,3.6966150
loc_24487,Sèvres,48.8239300,2.2102840
loc_42790,Ségou,13.4386000,-6.2716000
loc_76191,Séné,47.6191743,-2.7366646
loc_83736,Sétif,36.1889800,5.4144160
loc_23853,Söderhamn,61.2123130,17.1195840
loc_109200,Sögel,52.8403884,7.5219360
loc_47071,Süderbrarup,54.6362530,9.7797400
loc_74067,T&#39;bilisi,41.7166667,44.7833333
loc_115874,Taastrup,55.6466418,12.2959758
loc_60548,Tabató Quebo,11.5330000,-14.7641900
loc_34022,Tabulbah,35.6436000,10.9628000
loc_137543,Tacarigua de Mamporal,10.4000000,-66.1500000
loc_74385,Tackley,51.8666667,-1.3166667
loc_837,Tacoma,47.2530560,-122.4430560
loc_35503,Tacuarembó,-31.7049900,-55.9827310
loc_128870,Tafraout,29.7166670,-8.9666670
loc_61647,Taganrog,47.2217293,38.8933180
loc_37782,Taglio-Isolaccio,42.4343790,9.4692740
loc_11117,Tahlequah,35.9152780,-94.9697220
loc_8599,Taichung,24.1499990,120.6800000
loc_85203,Tainan,22.9833330,120.1833330
loc_4608,Taipei,25.0200000,121.4499960
loc_28108,Taisha,35.4000000,132.6666667
loc_79823,Taito,35.7166670,139.7833330
loc_88168,Takada,33.5500000,131.4500000
loc_31438,Takapuna,-36.7870430,174.7705250
loc_2450,Takarazuka,34.8000000,135.3500000
loc_125357,Talaigua Nuevo,9.3027780,-74.5677780
loc_5832,Talca,-35.4231990,-71.6600800
loc_27602,Talence,44.8127240,-0.5907380
loc_2580,Talladega,33.4358330,-86.1058330
loc_671,Tallahassee,30.4380560,-84.2808330
loc_500,Tallinn,59.4399980,24.7399990
loc_40170,Tamale,9.3987000,-0.8410000
loc_132270,Tamanghasset,22.7888890,5.5255560
loc_57142,Tamatave,-18.1523000,49.3959000
loc_53538,Tambov,52.7210998,41.4173506
loc_760,Tampa,27.9472220,-82.4586110
loc_8927,Tampere,61.5010990,23.7769910
loc_24609,Tampico,41.6277400,-89.7834200
loc_2778,Tampico,22.2248830,-97.8502520
loc_139052,Tan Rouge,-21.0617380,55.2965540
loc_7514,Tandil,-37.3248100,-59.1416090
loc_15645,Tangier,35.7900000,-5.8099990
loc_146528,Tanjung,-6.4755120,107.8844315
loc_4881,Taos,36.4072220,-105.5725000
loc_150118,Taourirt Mimoun,36.5711267,4.2043659
loc_127238,Taourirt Moussa,36.6165570,4.1187870
loc_35682,Tapanui,-45.9433770,169.2612920
loc_2482,Tappahannock,37.9252780,-76.8594440
loc_3438,Taranto,40.5487280,17.2498080
loc_20626,Tarare,45.8952180,4.4355110
loc_46917,Tarawa,1.3645000,173.1558000
loc_680,Tarbes,43.2328650,0.0741220
loc_56449,Tarrafal,15.2732000,-23.7612300
loc_41638,Tarragona,41.1190140,1.2454570
loc_2623,Tarzana,34.1733330,-118.5530560
loc_50892,Tashkent,40.1333310,68.3666690
loc_5870,Tashkent,41.3100010,69.3000030
loc_75074,Tashkent,41.2924390,69.2868286
loc_120609,Tasikmalaya,-7.3279540,108.2141040
loc_64093,Tassin-la-Demi-Lune,45.7608603,4.7578791
loc_23404,Tateyama,34.9833333,139.8666667
loc_7196,Taunton,41.9000000,-71.0902780
loc_8435,Taunton,51.0211111,-3.1047222
loc_2087,Tavistock,50.5455556,-4.1444444
loc_133124,Tavros,37.9666670,23.6950000
loc_4724,Taylorsville,38.0316670,-85.3425000
loc_3673,Taylorville,39.5488890,-89.2944440
loc_2988,Tbilisi,41.7200010,44.7900000
loc_19848,Tchula,33.1827780,-90.2227780
loc_43763,Tczew,54.0919270,18.7773070
loc_137224,Tea Bay,24.3670000,-75.5000000
loc_1889,Teaneck,40.8975000,-74.0163890
loc_83000,Tecalitlán,19.4700460,-103.3060220
loc_66768,Tecate,32.5690990,-116.6314010
loc_146584,Tefé,-3.3538890,-64.7108330
loc_26627,Tegernsee,47.7085500,11.7569130
loc_37846,Tegucigalpa,14.0820540,-87.2062850
loc_3368,Tehran,35.6699980,51.4300000
loc_6006,Tehran,35.6962160,51.4229450
loc_143726,Teichio,38.4877780,22.0105550
loc_1007,Teignmouth,50.5500000,-3.4666667
loc_17514,Tekoa,47.2233330,-117.0711110
loc_38816,Tel Aviv,32.0554000,34.7595000
loc_549,Tel Aviv,32.0451580,34.7697110
loc_145967,Tell Tamer,36.6544440,40.3730560
loc_12448,Telluride,37.9375000,-107.8116670
loc_81755,Tema,6.0294570,0.7015808
loc_102,Tempe,33.4147220,-111.9086110
loc_45246,Temperley,-34.7666670,-58.3833330
loc_67066,Tempio Pausania,40.8984444,9.1045370
loc_1356,Temple,31.0980560,-97.3425000
loc_38037,Teoc,33.5791700,-90.0552800
loc_131078,Teplice,50.6333330,13.8166670
loc_26466,Teramo,42.6574980,13.7464580
loc_12220,Teresina,-5.1051810,-42.8019490
loc_96928,Tergnier,49.6562520,3.2916350
loc_21207,Terni,42.5602190,12.6467810
loc_38371,Ternivka,48.5358890,29.9822290
loc_64728,Terra Linda,38.0040892,-122.5497000
loc_11315,Terrassa,41.5609530,2.0104400
loc_9925,Terre Haute,39.4666670,-87.4138890
loc_18904,Tervakoski,60.8141680,24.6289870
loc_74070,Tessala,35.2426267,-0.7699198
loc_18269,Tessenderlo,51.0634300,5.0868950
loc_51892,Tettnang,47.6705528,9.5884791
loc_1466,Texarkana,33.4416670,-94.0375000
loc_24050,Texas City,29.3927600,-94.9250600
loc_50794,Thames Ditton,51.3833333,-0.3333333
loc_17583,Thaon-les-Vosges,48.2514010,6.4202270
loc_57495,Thebes,38.3197580,23.3176020
loc_26010,Thessaloniki,40.6196890,22.9442220
loc_537,Thessaloniki,40.6399990,22.9400000
loc_28162,Thetford,52.4166667,0.7500000
loc_1162,Thetford Mines,46.1031640,-71.2928100
loc_17310,Thiais,48.7657030,2.3927560
loc_10462,Thionville,49.3570840,6.1684460
loc_54787,Thisted,56.9544342,8.6896017
loc_102358,Thiès,14.8047000,-16.9243390
loc_1361,Thomson,33.4705560,-82.5047220
loc_23533,Thonon-les-Bains,46.3732390,6.4782850
loc_16927,Thouars,46.9815660,-0.2152750
loc_794,Thousand Oaks,34.1705560,-118.8366670
loc_5358,Thun,46.7584300,7.6310230
loc_2923,Thunder Bay,48.4121970,-89.2701130
loc_138851,Thủ Đức,10.8493890,106.7536440
loc_5370,Tianjin,39.1422222,117.1766667
loc_131181,Tidworth,51.2370000,-1.6640000
loc_140135,Tidène,17.4841270,8.0167870
loc_4169,Tienen,50.7999990,4.9499990
loc_12664,Tietê,-23.1095010,-47.7093810
loc_1462,Tifton,31.4502780,-83.5086110
loc_3360,Tijuana,32.5334890,-117.0182040
loc_48959,Tiku,-0.3914900,99.9198000
loc_3812,Tilburg,51.5640300,5.0770040
loc_34423,Tilden,42.0433310,-97.8353380
loc_122875,Timbiquí,2.7666667,-77.6333333
loc_645,Timisoara,45.7599980,21.2299990
loc_7288,Timişoara,45.7555390,21.2374990
loc_23632,Timmins,48.4761200,-81.3289500
loc_73075,Timperley,53.4000000,-2.3333333
loc_54665,Tindouf,27.6831000,-8.1572000
loc_14656,Tioga,33.4666670,-96.9180560
loc_235,Tippo,33.9119440,-90.1805560
loc_1338,Tipton,38.6555560,-92.7797220
loc_303,Tiptonville,36.3783330,-89.4719440
loc_6379,Tirana,41.3300010,19.8199990
loc_30632,Tiranë,41.3316560,19.8172230
loc_68031,Tiruchirappalli,10.8028900,78.6987530
loc_43511,Tixeraïne,36.7166000,3.0333000
loc_44996,Tlacotalpan,18.6134240,-95.6613510
loc_24507,Tlaxiaco,17.2681690,-97.6793290
loc_34532,Tlemcen,34.8792000,-1.3153000
loc_22616,Toamasina,-18.1499000,49.4023090
loc_3742,Toccoa,34.5772220,-83.3325000
loc_9948,Tochigi,36.3833333,139.7333333
loc_91477,Tocopilla,-22.0880600,-70.1893310
loc_2321,Todmorden,53.7166667,-2.0833333
loc_857,Tokoroa,-38.2200010,175.8699950
loc_16398,Tokushima,34.0666667,134.5666667
loc_878,Tokuyama,34.0500000,131.8166667
loc_29,Tokyo,35.6850000,139.7513889
loc_272,Toledo,41.6638890,-83.5552780
loc_22750,Tolga,62.4160190,11.0028300
loc_1685,Tomar,39.5999980,-8.4099990
loc_55781,Tome,38.6500000,141.2833330
loc_2591,Toms River,39.9536110,-74.1983330
loc_7511,Tonbridge,51.1833333,0.2833333
loc_87783,Tonekabon,36.8194500,50.8718800
loc_1316,Topeka,39.0483330,-95.6777780
loc_101792,Topoloveni,44.8069444,25.0838889
loc_564,Torino,45.0703650,7.6868650
loc_8922,Tornio,65.8696020,24.1989620
loc_51743,Toro,41.5263550,-5.3948571
loc_110,Toronto,43.7230570,-79.3924860
loc_973,Torquay,50.4500000,-3.5000000
loc_15,Torrance,33.8358330,-118.3397220
loc_34419,Torras,30.9892340,-91.6791870
loc_31527,Toruń,53.0137900,18.5984440
loc_28686,Toshima,34.5500000,134.9333333
loc_56808,Toshkent,41.3052290,69.2689670
loc_2209,Totnes,50.4166667,-3.6333333
loc_16153,Toton,52.8833333,-1.2500000
loc_1999,Tottenham,51.6000000,-0.0666667
loc_39903,Tottori,35.5000000,134.2333333
loc_135753,Toubab Dialaw,14.6061110,-17.1502780
loc_383,Toulon,43.1251610,5.9311120
loc_692,Toulouse,43.6043630,1.4430070
loc_273,Tourcoing,50.7225220,3.1595420
loc_133839,Tournus,46.5666670,4.9000000
loc_312,Tours,47.3902930,0.6888510
loc_4736,Tours,47.3902940,0.6888520
loc_19600,Towanda,40.5638890,-88.8988890
loc_135735,Tower Hamlets,51.5000000,-0.0167000
loc_609,Toyohashi,34.7666667,137.3833333
loc_23200,Toyonaka,34.7833333,135.4666667
loc_12296,Trabzon,41.0014500,39.7178000
loc_42968,Trakai,54.6388620,24.9349010
loc_15501,Trappes,48.7785150,1.9990560
loc_7156,Traverse City,44.7630560,-85.6205560
loc_38438,Travnik,44.2211680,17.6631690
loc_3377,Trbovlje,46.1500010,15.0299990
loc_10265,Trelleborg,55.3800010,13.1499990
loc_150212,Tremont,40.5269440,-89.4944440
loc_12655,Trento,33.7950240,9.5615480
loc_1233,Trenton,40.2169440,-74.7433330
loc_74582,Trenčín,48.8939462,18.0378496
loc_6867,Treviso,45.6669190,12.2431540
loc_2710,Trier,49.7537350,6.6462470
loc_322,Trieste,45.6494850,13.7688550
loc_42829,Trikala,39.5594700,21.7639250
loc_54998,Trikala,39.5616170,21.7600140
loc_48545,Trinity,40.7754360,-123.3256480
loc_5379,Tripoli,32.8699980,13.1800000
loc_65291,Tripoli,32.8761740,13.1875070
loc_101861,Trogir,43.5177247,16.2506579
loc_4023,Trois-Rivières,46.3573980,-72.5817790
loc_49519,Troitsk,54.1003189,61.5808907
loc_57990,Trollhättan,58.2837394,12.2884935
loc_3180,Tromsø,69.6670300,18.9539300
loc_630,Trondheim,63.4399980,10.3999990
loc_17522,Troy,31.8086110,-85.9700000
loc_10679,Truckee,39.3280560,-120.1822220
loc_1527,Trujillo Alto,18.3566670,-66.0077780
loc_12047,Truro,45.3536500,-63.2815250
loc_179,Tryon,35.2080560,-82.2386110
loc_123539,Trédrez-Locquémeau,48.6986110,-3.5644440
loc_135318,Trégueux,48.4914000,-2.7364000
loc_81155,Tsuchiura,36.0666670,140.2000000
loc_69041,Tsuruoka,38.7216667,139.8216667
loc_91609,Tsévié,6.4333333,1.2166667
loc_9159,Tucker,33.8544440,-84.2172220
loc_416,Tucson,32.2216670,-110.9258330
loc_89923,Tudela,42.0638804,-1.6057177
loc_94888,Tulln an der Donau,48.3316300,16.0607400
loc_83,Tulsa,36.1538890,-95.9925000
loc_5814,Tuluá,4.0863650,-76.2117770
loc_13681,Tuléar,-23.3547900,43.6631200
loc_23990,Tumba,59.1987110,17.8345430
loc_4764,Tumbulgum,-28.2932610,153.4636990
loc_3757,Tumwater,47.0075000,-122.9080560
loc_3530,Tunica,34.6844440,-90.3827780
loc_2708,Tunis,36.8400000,10.2200000
loc_5417,Tunis,36.8188100,10.1659600
loc_2684,Tupelo,34.2575000,-88.7033330
loc_113054,Tupiza,-21.4359724,-65.7191849
loc_55593,Turdera,-34.7666670,-58.3833330
loc_352,Turku,60.4500000,22.2500000
loc_4566,Turlock,37.4947220,-120.8455560
loc_5087,Turnhout,51.3251470,4.9468920
loc_57967,Turriff,57.5333333,-2.4500000
loc_2745,Tuscaloosa,33.2097220,-87.5691670
loc_298,Tuskegee,32.4238890,-85.6916670
loc_12821,Tuzla,44.5400000,18.6700000
loc_61631,Tučapy,49.2915726,14.8022680
loc_2359,Twickenham,51.4333333,-0.3166667
loc_785,Tyler,32.3511110,-95.3008330
loc_71504,Târgu Jiu,45.0341667,23.2747222
loc_84944,Târgu Mureș,46.5455556,24.5625000
loc_43232,Täby,59.4436800,18.0688860
loc_14939,Tétange,49.4700010,6.0399990
loc_67769,Tétouan,35.5762100,-5.3684350
loc_12813,Tórshavn,62.0299980,-6.8000000
loc_3028,Tønsberg,59.2638020,10.4212000
loc_3499,Tübingen,48.5229040,9.0520970
loc_109159,Türkmenabat,39.0880579,63.5728610
loc_94578,Tășnad,47.4772222,22.5838889
loc_86967,Třinec,49.6772362,18.6700775
loc_43083,Ubbergen,51.8553830,5.9390960
loc_7062,Uberlândia,-18.9077090,-48.2764090
loc_17027,Ubá,-21.1251300,-42.9442100
loc_9041,Uccle,50.8037850,4.3291820
loc_22224,Uckfield,50.9666667,0.1000000
loc_31262,Udaipur,27.7217600,75.4691010
loc_2275,Uddingston,55.8000000,-4.0666667
loc_125492,Udhagamandalam,11.4100000,76.7000000
loc_2588,Udine,46.1458660,13.1051750
loc_14037,Udon Thani,17.4099990,102.7900000
loc_52370,Ufa,54.7355004,55.9919816
loc_130506,Uherské Hradiště,49.0658330,17.4583330
loc_69097,Uijeongbu,37.7380980,127.0336819
loc_89245,Uji,34.8833333,135.8000000
loc_430,Ukiah,39.1502780,-123.2066670
loc_1206,Ulaanbaatar,47.9213780,106.9055400
loc_120400,Ulan-Ude,51.8367250,107.5858650
loc_1841,Ulm,48.3996240,9.9966070
loc_55804,Ulvenhout,51.5518577,4.7971993
loc_44466,Ulyanovsk,54.3214800,48.3856500
loc_13358,Umeå,63.8300010,20.2399990
loc_3635,Union City,40.7794440,-74.0241670
loc_9594,Union City,40.2019440,-84.8091670
loc_2829,Union Springs,32.1441670,-85.7150000
loc_3211,Uniondale,40.7002780,-73.5933330
loc_97489,Unterpleichfeld,49.8710821,10.0268928
loc_12336,Upper Darby,39.9283330,-75.2741670
loc_26619,Upplands Väsby,59.5201650,17.9085700
loc_1952,Uppsala,59.8600000,17.6399990
loc_8802,Urawa,35.8705556,139.6422222
loc_88122,Urayasu,35.6705556,139.8886111
loc_1242,Urbana,40.1105560,-88.2072220
loc_18194,Urgench,41.5538600,60.6217690
loc_112566,Urussanga,-28.5226747,-49.3176060
loc_115284,Ussuriysk,43.8000000,131.9500000
loc_40997,Utajärvi,64.7647860,26.4118150
loc_304,Utica,43.1008330,-75.2330560
loc_3164,Utrecht,52.1003990,5.1120500
loc_45160,Utrera,37.1814190,-5.7815070
loc_33790,Utsjoki,69.9059730,27.0236710
loc_2269,Utsunomiya,36.5500000,139.8666667
loc_2340,Uxbridge,51.5500000,-0.4833333
loc_146175,Uyar,55.8266670,94.3152780
loc_54534,Užice,43.8584620,19.8492230
loc_31972,Vaasa,63.0983290,21.6275070
loc_1292,Vacaville,38.3566670,-121.9866670
loc_80173,Vagharshapat,40.1635182,44.2904752
loc_45036,Vaires-sur-Marne,48.8732960,2.6399360
loc_141798,Val Gagné,48.6169440,-80.6388890
loc_44955,Val-d&#39;Or,48.1000050,-77.7833380
loc_61580,Val-de-Marne,48.7931426,2.4740337
loc_133393,Val-de-Travers,46.9000000,6.6000000
loc_97531,Valdahon,47.1475940,6.3455230
loc_49141,Valdivia,-39.8291658,-73.2235377
loc_1424,Valdosta,30.8325000,-83.2786110
loc_101597,Vale da Amoreira,38.6558549,-9.0222186
loc_446,Valence,44.9305950,4.8903490
loc_10406,Valencia,10.1741270,-67.9998150
loc_1156,Valenciennes,50.3576330,3.5234910
loc_21543,Valença,-22.2479000,-43.6991690
loc_15976,Valinhos,-22.9744090,-46.9959910
loc_53976,Valjevo,44.2748360,19.8994060
loc_35333,Valkeakoski,61.2654030,24.0308810
loc_41820,Valkenburg,50.8626120,5.8301370
loc_85643,Vallauris,43.5772440,7.0550410
loc_800,Vallejo,38.1041670,-122.2555560
loc_48607,Vallentuna,59.5346628,18.0771802
loc_3190,Valley Stream,40.6641670,-73.7088890
loc_27401,Valleyfield,45.2607310,-74.1298980
loc_46258,Valmondois,49.0959800,2.1906570
loc_6760,Valparaíso,-33.0206300,-71.5548480
loc_67128,Valréas,44.3844664,4.9835016
loc_12752,Valsjöbyn Jämtlands län,64.0723600,14.1499780
loc_140057,Valtice,48.7408330,16.7550000
loc_17982,València,39.6112520,-0.5760920
loc_1914,Van Nuys,34.1866670,-118.4480560
loc_2683,Vance,34.0727780,-90.3508330
loc_9,Vancouver,49.2504940,-123.1119340
loc_53495,Vanersborg,58.3811697,12.3227859
loc_29635,Vannes,47.6547160,-2.7595100
loc_57455,Vanves,48.8212938,2.2859232
loc_30652,Varanasi,25.2820090,82.9563370
loc_2796,Varberg,57.1100000,12.2500000
loc_109089,Vardø,70.3072786,31.2875137
loc_42918,Varel,53.3977380,8.1381960
loc_82100,Varennes-Vauzelles,47.0502246,3.1382584
loc_4554,Varese,45.8370440,8.8096870
loc_146586,Varre-Sai,-20.9308330,-41.8688890
loc_27306,Vassar,43.3703800,-83.5800400
loc_113071,Vasta Arkadias,37.3657189,21.9860132
loc_19110,Vatican City,41.9000010,12.4600000
loc_69087,Vaucresson,48.8394191,2.1584068
loc_33454,Vaudreuil-Dorion,45.3990000,-74.0263990
loc_121657,Vaux-sous-Chèvremont,50.6010507,5.6318794
loc_144328,Vaux-sur-Mer,45.6500000,-1.0333330
loc_124644,Vejrum Kirkeby,56.4491818,8.5834005
loc_2558,Velbert,51.3388690,7.0427110
loc_38659,Veliko Tarnovo,43.0111960,25.5836070
loc_33878,Velingrad,42.0318200,24.0016580
loc_79065,Venado Tuerto,-33.7500000,-61.9656410
loc_3767,Venezia,45.4344910,12.3383970
loc_788,Venice,33.9908330,-118.4591670
loc_7723,Venlo,51.3697400,6.1686150
loc_578,Venosa,40.9623510,15.8157960
loc_37341,Ventnor,50.5947889,-1.2036896
loc_847,Ventura,34.2783330,-119.2922220
loc_16225,Veracruz,19.1841410,-96.1293280
loc_11136,Verdun,45.4556290,-73.5749400
loc_141942,Vereide,61.8133330,6.1391670
loc_78028,Veria,40.5260550,22.2030000
loc_68907,Vernasca,44.8003148,9.8317407
loc_35202,Vernet-les-Bains,42.5471880,2.3895620
loc_34367,Verneuil-sur-Seine,48.9836690,1.9659850
loc_23801,Vernon,49.0904590,1.4843040
loc_757,Vernon,34.1544440,-99.2647220
loc_3682,Verona,45.4428350,11.0572910
loc_88045,Verpelét,47.8454500,20.2296499
loc_1443,Versailles,48.8023310,2.1298230
loc_103128,Versoix,46.2840812,6.1622744
loc_20383,Verviers,50.5879100,5.8694010
loc_21351,Vesoul,47.6234730,6.1559040
loc_62204,Vestmannaeyjar,63.4277170,-20.2673821
loc_12938,Veurne,51.0699990,2.6700000
loc_28382,Vevey,46.4589060,6.8471590
loc_115731,Vezet,47.5375609,5.8834360
loc_59853,Vicente López,-34.5250778,-58.4881821
loc_23981,Vichy,46.1230650,3.4223970
loc_2600,Vicksburg,32.3525000,-90.8777780
loc_2961,Victoria,28.8050000,-97.0033330
loc_395,Victoria,48.4280400,-123.3564670
loc_11114,Victoria Falls,-17.9350890,25.8375300
loc_2748,Victorville,34.5361110,-117.2902780
loc_111276,Vidalenzo,45.0154885,10.0453107
loc_91084,Vidnoye,55.5567284,37.7124708
loc_187,Vienna,48.2200010,16.3700000
loc_66024,Vienna,32.0915577,-83.7954518
loc_13590,Vienne,45.5242190,4.8782840
loc_28821,Viersen,51.2557060,6.3983190
loc_23814,Vierzon,47.2230010,2.0659800
loc_58064,Vigevano,45.3170920,8.8586493
loc_51679,Viggiù,45.8716202,8.9062855
loc_362,Vigo,42.2313550,-8.7124470
loc_1890,Viken,56.1504520,12.5757690
loc_33168,Vila Nova da Barquinha,39.4594120,-8.4331590
loc_50523,Vila Nova de Cerveira,41.9401000,-8.7444000
loc_12837,Vila Nova de Famalicão,41.4199980,-8.5200000
loc_55128,Vilafranca del Penedès,41.3450901,1.6998495
loc_13580,Vilassar de Dalt,41.5134900,2.3564920
loc_62272,Vilassar de Mar,41.5018072,2.3908726
loc_88082,Villa Adelina,-34.5128761,-58.5455959
loc_83035,Villa Alemana,-33.0664068,-71.3292709
loc_128936,Villa Castelli,40.5833330,17.4833330
loc_16201,Villa Minozzo,44.3661110,10.4670360
loc_141706,Villacourt,48.4565914,6.3487535
loc_8771,Villahermosa,17.9762900,-92.9367830
loc_38465,Villanueva,22.3569160,-102.8877020
loc_86245,Villanueva,10.6000000,-72.9833333
loc_29468,Ville-d&#39;Avray,48.8269400,2.1887280
loc_3905,Villecresnes,48.7211760,2.5334890
loc_49319,Villefranche-de-Lauragais,43.3982792,1.7175312
loc_4835,Villefranche-de-Rouergue,44.3512980,2.0369180
loc_1198,Villefranche-sur-Saône,45.9898660,4.7187530
loc_14011,Villejuif,48.7950660,2.3665340
loc_16011,Villemomble,48.8876180,2.5110120
loc_66905,Villemoustaussou,43.2526345,2.3654115
loc_53474,Villeneuve-d&#39;Ascq,50.6206973,3.1314977
loc_14520,Villeneuve-la-Garenne,48.9365940,2.3317560
loc_64633,Villeneuve-le-Roi,48.7348972,2.4182772
loc_35153,Villeneuve-lès-Avignon,43.9631840,4.7968300
loc_60247,Villeneuve-Saint-Georges,48.7290257,2.4472761
loc_118075,Villeneuve-sur-Fère,49.1775220,3.4734780
loc_4630,Villeneuve-sur-Lot,44.4065840,0.7078260
loc_36532,Villers-Perwin,50.5262360,4.4779600
loc_149651,Villers-Semeuse,49.7329000,4.7502000
loc_47268,Villetaneuse,48.9616300,2.3430090
loc_144,Villeurbanne,45.7647500,4.8804330
loc_130686,Villeveyrac,43.5000000,3.6000000
loc_17120,Villiers-le-Bel,49.0082270,2.3890140
loc_19280,Villingen-Schwenningen,48.0530220,8.4722750
loc_53194,Villorba,45.7136680,12.2600845
loc_78099,Villorsonnens,46.7161980,6.9951400
loc_85276,Villé,48.3427628,7.3015151
loc_1646,Vilnius,54.7000000,25.2700000
loc_82916,Vinaròs,40.4709997,0.4747435
loc_11289,Vincennes,48.8450440,2.4345930
loc_89799,Vineuil-Saint-Firmin,49.1999540,2.4897070
loc_22457,Vinh,18.6800000,105.6699980
loc_1217,Vinje,59.6161610,7.9057210
loc_22053,Vinkeveen,52.2128690,4.9362010
loc_1693,Vinton,30.1905560,-93.5811110
loc_4074,Viper,37.1827780,-83.1483330
loc_103350,Viranşehir,37.2333333,39.7666667
loc_1257,Virginia Beach,36.8527780,-75.9783330
loc_4722,Viroflay,48.8023180,2.1708100
loc_7265,Visaginas,55.6100000,26.4400000
loc_1293,Visalia,36.3302780,-119.2911110
loc_11355,Vislanda,56.7847400,14.4767800
loc_33198,Viterbo,42.4173790,12.1048540
loc_49915,Vitoria-Gasteiz,42.8467181,-2.6716351
loc_68681,Vitrolles,43.4604256,5.2485256
loc_16366,Vitry-le-François,48.7258200,4.5858690
loc_4590,Vitry-sur-Seine,48.7894440,2.3893220
loc_3277,Vitória,-20.3327600,-40.4139900
loc_12970,Viçosa,-20.7632290,-42.8800510
loc_3801,Viña del Mar,-33.0099980,-71.5500030
loc_3443,Vlaardingen,51.9199980,4.3299990
loc_4743,Vladivostok,43.1300010,131.8999930
loc_15080,Vlakfontein,-26.3833330,30.0333330
loc_15262,Vlissingen,51.4556770,3.5764880
loc_27635,Voghera,44.9921840,9.0096800
loc_59061,Vogüé,44.5511547,4.4137851
loc_116034,Volary,48.9088164,13.8865743
loc_3529,Volendam,52.4999300,5.0768200
loc_86697,Volkel,51.6437900,5.6571640
loc_9015,Volta Redonda,-22.5128310,-44.1052820
loc_9875,Voorhees,39.8497220,-74.9980560
loc_85568,Vordingborg,55.0089250,11.9093630
loc_38546,Voronezh,51.6600190,39.1974100
loc_119757,Vyritsa,59.3976220,30.3071530
loc_33045,Vyshniy Volochek,57.5915180,34.5564000
loc_56341,Vyzhnytsia,48.2463600,25.1900201
loc_135372,Vyškov,49.2772200,16.9988000
loc_25941,Vác,47.7754450,19.1377080
loc_13351,Västerås,59.6199980,16.5400000
loc_21928,Västra Karup,56.4267360,12.8529470
loc_19240,Växjö,57.1752580,14.5954430
loc_72116,Vítkovice,50.6845474,15.5265312
loc_150557,Vĩnh Kim,10.3572250,106.2445310
loc_5796,Waasmunster,51.0999980,4.0799990
loc_23584,Waban,42.3267900,-71.2304500
loc_227,Waco,31.5491670,-97.1463890
loc_34439,Wad Madani,14.5698000,33.4297000
loc_141215,Wad Sulfabb,14.6813273,33.2823753
loc_2515,Waddinxveen,52.0574150,4.6567490
loc_6195,Wageningen,51.9764490,5.6718000
loc_57697,Wainfleet,42.9259380,-79.3777740
loc_137721,Waipu,-35.9833330,174.4500000
loc_2039,Wakayama,34.0902778,135.0900000
loc_1789,Wakefield,53.7000000,-1.4833333
loc_6584,Wakefield,42.5063890,-71.0733330
loc_22282,Wakkanai,45.4094444,141.6738889
loc_421,Waldorf,38.6244440,-76.9394440
loc_1095,Walesby,53.4166667,-0.2833333
loc_22298,Walker,54.9666667,-1.5333333
loc_3623,Wall Lake,42.2711110,-95.0927780
loc_1864,Wallasey,53.4333333,-3.0666667
loc_20150,Walldorf,49.3031500,8.6427570
loc_17493,Wallers,50.3738040,3.3899120
loc_1122,Wallington,51.9833333,-0.1166667
loc_965,Wallsend,54.9913889,-1.5597222
loc_2606,Walnut Creek,37.9063890,-122.0638890
loc_5719,Walsall,52.6000000,-2.0000000
loc_3363,Waltham,42.3763890,-71.2361110
loc_80818,Waltham Forest,51.5886383,-0.0117625
loc_2192,Walthamstow,51.6000000,-0.0333333
loc_81442,Walton in Gordano,51.4530556,-2.8269444
loc_49387,Walton Upon Thames,51.3833333,-0.4333333
loc_81763,Walton-on-Thames,51.3867970,-0.4133940
loc_2346,Wandsworth,51.4500000,-0.2000000
loc_12056,Warburg,51.4849670,9.1470180
loc_7804,Ware,51.8000000,-0.0333333
loc_3077,Warner Robins,32.6208330,-83.6000000
loc_2672,Warracknabeal,-36.2587510,142.3970030
loc_790,Warren,41.2375000,-80.8186110
loc_1670,Warrington,53.3833333,-2.6000000
loc_9049,Warrnambool,-38.3826290,142.4774930
loc_143,Warszawa,52.2599980,21.0200000
loc_1858,Warwick,52.2833333,-1.5833333
loc_82787,Washburn,40.9192020,-89.2911972
loc_1083,Washington,54.9000000,-1.5166667
loc_201,Washington,38.8950000,-77.0366670
loc_55141,Washington,38.6586650,-87.1701910
loc_15811,Wasilla,61.5813890,-149.4394440
loc_40714,Water Orton,52.5000000,-1.7333333
loc_2555,Waterford,52.2599980,-7.1300000
loc_9254,Waterford,42.6941670,-83.4075000
loc_2523,Waterloo,43.4779180,-80.5378280
loc_4496,Waterloo,50.7135490,4.3935590
loc_27110,Waterlooville,50.8666667,-1.0166667
loc_1105,Watford,51.6666667,-0.4000000
loc_15855,Wattrelos,50.7013220,3.2156450
loc_4531,Watts,33.9405560,-118.2419440
loc_6253,Waukegan,42.3636110,-87.8447220
loc_442,Waukesha,43.0116670,-88.2313890
loc_7631,Wausau,44.9591670,-89.6300000
loc_16420,Wausaukee,45.3708330,-87.9522220
loc_126241,Waverley,44.7727780,-63.5780560
loc_34647,Wavre,50.7168830,4.6107150
loc_29377,Wayland,42.3629770,-71.3601170
loc_3396,Wayne,40.9252780,-74.2769440
loc_5500,Wayne,40.0416670,-75.3866670
loc_8294,Wayne,42.2813890,-83.3863890
loc_50691,Waziers,50.3872721,3.1175755
loc_7640,Webster Grove,39.7952780,-93.5522220
loc_7065,Webster Groves,38.5925000,-90.3572220
loc_46467,Wedel,53.5837720,9.6986640
loc_1132,Wednesbury,52.5500000,-2.0166667
loc_4609,Weehawken,40.7694440,-74.0208330
loc_61364,Weil am Rhein,47.5924223,7.6131457
loc_511,Weilheim,47.8376520,11.1500080
loc_12509,Weimar,50.9791630,11.3242800
loc_39184,Weinberg,47.2266040,16.0280920
loc_30209,Weingarten,47.8068350,9.6465550
loc_42913,Weinheim,49.5521380,8.6657320
loc_7017,Weirton,40.4050000,-80.5883330
loc_2873,Wellesley Hills,42.3083330,-71.2791670
loc_1091,Wellingborough,52.3000000,-0.7000000
loc_10704,Wellington,52.7000000,-2.5166667
loc_45,Wellington,-41.2799980,174.7799980
loc_8713,Wellington,-41.3162360,174.7824290
loc_21577,Wells,51.2094444,-2.6494444
loc_175,Welwyn Garden City,51.8000000,-0.2000000
loc_2263,Wembley,51.5500000,-0.2833333
loc_56409,Wemmel,50.9095718,4.3039236
loc_5674,Wenatchee,47.4236110,-120.3091670
loc_12770,Wentorf,53.4911800,10.2520360
loc_37483,Werne,51.6642940,7.6344010
loc_43718,Wernigerode,51.8382760,10.7907820
loc_1868,West Allis,43.0166670,-88.0069440
loc_15581,West Babylon,40.7180560,-73.3547220
loc_1129,West Bromwich,52.5166667,-2.0000000
loc_437,West Chester,39.9605560,-75.6058330
loc_17707,West Chiltington,50.9333333,-0.4500000
loc_149019,West Haddlesey,53.7330560,-1.1441670
loc_65472,West Ham,51.5333333,0.0166667
loc_27433,West Helena,34.5441500,-90.6444300
loc_5091,West Hollywood,34.0900000,-118.3608330
loc_1045,West Kirby,53.3666667,-3.1500000
loc_10728,West Linn,45.3658330,-122.6111110
loc_36641,West Marin,38.0680300,-122.7409890
loc_13532,West Memphis,35.1463890,-90.1844440
loc_2730,West Monroe,32.5183330,-92.1475000
loc_15433,West New York,40.7877780,-74.0147220
loc_2490,West Palm Beach,26.7150000,-80.0536110
loc_3671,West Plains,36.7280560,-91.8522220
loc_1422,West Point,33.6075000,-88.6502780
loc_56176,West Point,41.3653880,-74.0334080
loc_139047,West Reading,40.3335080,-75.9476990
loc_21661,West Springfield,42.1069440,-72.6208330
loc_4298,Westbury,40.7555560,-73.5880560
loc_4055,Westchester,33.9597220,-118.3997220
loc_9615,Westerly,41.3775000,-71.8277780
loc_5398,Westfield,42.1250000,-72.7500000
loc_10260,Westlake Village,34.1458330,-118.8047220
loc_123282,Westminster,51.4995000,-0.1333330
loc_20968,Westmount,45.4862590,-73.5993780
loc_1604,Weston-super-Mare,51.3458333,-2.9677778
loc_4101,Westport,41.1413890,-73.3583330
loc_11318,Westwood,40.3061110,-121.0047220
loc_14138,Wetherby,53.9166667,-1.3833333
loc_36373,Wewak,-3.5795900,143.6495000
loc_23686,Wexford,52.3371250,-6.4731310
loc_2070,Weybridge,51.3666667,-0.4666667
loc_46906,Whanganui,-39.9303260,175.0476630
loc_2901,Whangarei,-35.7200010,174.3099970
loc_1333,Wheaton,41.8661110,-88.1069440
loc_661,Wheeling,40.0638890,-80.7211110
loc_55935,Whitaker,40.4038130,-79.8830840
loc_27782,Whitburn,55.8666667,-3.6833333
loc_4511,Whitby,43.9032050,-78.9427800
loc_1126,White Plains,41.0338890,-73.7633330
loc_152150,White Station,33.6602780,-88.6208330
loc_2228,Whitechapel,51.5166667,-0.0500000
loc_9537,Whitehaven,54.5500000,-3.6000000
loc_2498,Whiteville,35.3263890,-89.1494440
loc_1795,Whitley Bay,55.0508333,-1.4538889
loc_18108,Whitstable,51.3500000,1.1000000
loc_42593,Whynot,32.2893070,-88.4885410
loc_114,Wichita,37.6922220,-97.3372220
loc_4769,Wichita Falls,33.9136110,-98.4930560
loc_3625,Widener,35.0233330,-90.6847220
loc_1488,Wien,48.1970880,16.3351100
loc_28883,Wierden,52.3579120,6.5922010
loc_657,Wiesbaden,50.1381820,8.3078980
loc_1094,Wigan,53.5333333,-2.6166667
loc_11786,Wilhelmshaven,53.5699210,8.0823110
loc_723,Wilkes-Barre,41.2397220,-75.8811110
loc_37191,Wilkesboro,36.1411640,-81.1735250
loc_4013,Willard,37.3050000,-93.4283330
loc_49503,Willebroek,51.0607260,4.3604065
loc_113647,Willemstad,12.1081290,-68.9302060
loc_30864,Willemstad,12.1034410,-68.9334820
loc_3585,Williamsburg,37.2705560,-76.7077780
loc_9907,Williamstown,39.6861110,-74.9955560
loc_2629,Willimantic,41.7105560,-72.2086110
loc_3354,Wilmette,42.0722220,-87.7227780
loc_1223,Wilmington,34.2255560,-77.9450000
loc_808,Wilmington,39.7458330,-75.5469440
loc_15367,Wilmslow,53.3333333,-2.2333333
loc_18612,Wilrijk,51.1694250,4.3943360
loc_1956,Wilson,35.7211110,-77.9158330
loc_22061,Wilton,41.1952780,-73.4383330
loc_978,Wimbledon,51.4333333,-0.2166667
loc_31682,Wimborne Minster,50.7833333,-1.9833333
loc_80444,Winchcombe,51.9554320,-1.9643080
loc_12456,Winchester,35.1858330,-86.1122220
loc_1410,Winchester,51.0166667,-1.3166667
loc_2721,Winchester,39.1783330,-78.1666670
loc_61250,Winchester,45.0929660,-75.3537130
loc_2195,Windsor,54.5666667,-5.9500000
loc_287,Windsor,42.2911920,-82.9974660
loc_33465,Windsor,43.7134090,-72.3082240
loc_8149,Winfield,37.2397220,-96.9952780
loc_13437,Wingrave,51.8500000,-0.7333333
loc_483,Winnipeg,49.8758220,-97.1487210
loc_836,Winston-Salem,36.1002780,-80.2497220
loc_3666,Winter Haven,28.0219440,-81.7330560
loc_19845,Winters,31.9563890,-99.9619440
loc_12427,Winterset,41.3308330,-94.0136110
loc_51087,Winterswijk,51.9720177,6.7201294
loc_21467,Winterthur,47.4998790,8.7261600
loc_4399,Winterville,33.5016670,-91.0583330
loc_50024,Wipperfürth,51.1171370,7.3963296
loc_34791,Wiscasset,44.0106240,-69.6679180
loc_4051,Wismar,53.9017540,11.4620820
loc_59520,Witbank,-25.8747550,29.2149077
loc_4443,Witten,51.4374750,7.3372930
loc_1063,Witton Gilbert,54.8000000,-1.6333333
loc_20451,Wivenhoe,51.8500000,0.9666667
loc_26643,Woerden,52.1153020,4.8370330
loc_658,Woking,51.3166667,-0.5333333
loc_2040,Wokingham,51.4166667,-0.8333333
loc_139628,Wola Łącka,52.4523720,19.5798830
loc_39998,Wolfsberg,46.8389270,14.8455320
loc_438,Wolfsburg,52.4218100,10.7849690
loc_12844,Wollongong,-34.4263000,150.8744050
loc_113846,Woluwe-Saint-Lambert,50.8397627,4.4096283
loc_967,Wolverhampton,52.5833333,-2.1333333
loc_138900,Wombourne,52.5329940,-2.1894820
loc_4899,Woodbridge,38.6580560,-77.2500000
loc_976,Woodbridge,52.1000000,1.3166667
loc_19294,Woodford,53.3333333,-2.1666667
loc_2856,Woodlake,36.4136110,-119.0977780
loc_21967,Woodstock,51.8500000,-1.3166667
loc_2681,Woodstock,42.0408330,-74.1186110
loc_920,Woodville,31.1044440,-91.2994440
loc_116121,Woodward,36.4336481,-99.3903862
loc_40747,Woolwich,51.4666667,0.2000000
loc_1221,Worcester,42.2625000,-71.8027780
loc_4865,Worcester,52.2000000,-2.2000000
loc_2397,Worksop,53.3000000,-1.1333333
loc_30439,Wormer,52.4938030,4.8013460
loc_46527,Worth,41.6900530,-87.7914100
loc_2009,Worthing,50.8000000,-0.3666667
loc_128016,Wraysbury,51.4580000,-0.5520000
loc_123561,Wrexham,53.0463000,-2.9932000
loc_38497,Wrightsville Beach,34.2149780,-77.7907360
loc_819,Wrocław,51.1100000,17.0300000
loc_34138,Wuli,13.4413490,-14.2419200
loc_2727,Wuppertal,51.2678690,7.1838170
loc_29163,Wyandanch,40.7527170,-73.3662580
loc_11818,Wyckoff,41.0094440,-74.1733330
loc_124668,Wye,51.1833333,0.9333333
loc_15232,Wynnewood,40.0027780,-75.2711110
loc_69329,Wynyard,51.7652140,-104.1791590
loc_34687,Wädenswil,47.2285230,8.6713370
loc_36311,Wörth am Rhein,49.0517690,8.2683070
loc_10800,Würzburg,49.7967900,9.9295700
loc_54798,Węgorzewo,54.2085343,21.7444859
loc_3367,Włocławek,52.6599990,19.0599990
loc_148360,Xalapa,19.5442353,-96.9115143
loc_66966,Xanthi,41.1359250,24.8839980
loc_481,Xenia,39.6847220,-83.9297220
loc_26131,Xiamen,24.4675000,118.0930556
loc_68972,Xàtiva,38.9927276,-0.5200870
loc_45578,Yaba,6.4900000,3.3840000
loc_197,Yakima,46.6022220,-120.5047220
loc_16285,Yakutsk,62.0453610,129.7295070
loc_1927,Yale,36.1141670,-96.6988890
loc_599,Yamaguchi,34.1666667,131.4833333
loc_27376,Yamato,37.6333333,139.7666667
loc_958,Yancey Mills,38.0466670,-78.7255560
loc_12119,Yangon,16.7836560,96.1568310
loc_82147,Yaoundé,3.8666667,11.5166667
loc_126033,Yawatahama,33.4500000,132.4000000
loc_28626,Yekaterinburg,56.8378140,60.5968420
loc_2792,Yellow Springs,39.8063890,-83.8869440
loc_6837,Yellowknife,62.4519710,-114.3912910
loc_116303,Yeosu,34.7603737,127.6622221
loc_10994,Yeovil,50.9500000,-2.6333333
loc_3847,Yerevan,40.1699980,44.5200000
loc_83023,Yerres,48.7029388,2.4841401
loc_32953,Ylöjärvi,61.5559760,23.5963460
loc_55607,Yogyakarta,-7.7972240,110.3687970
loc_8862,Yogyakarta,-7.7800000,110.3700020
loc_66534,Yokkaichi,34.9666667,136.6166667
loc_374,Yokohama,35.4500000,139.6500000
loc_2348,Yokosuka,35.2836111,139.6672222
loc_4110,Yonkers,40.9311110,-73.8991670
loc_1335,York,39.9625000,-76.7280560
loc_295,York,53.9666667,-1.0833333
loc_100208,Yotsukaido,35.6500000,140.1666667
loc_410,Youngstown,41.0997220,-80.6497220
loc_3998,Ypsilanti,42.2411110,-83.6130560
loc_2587,Ystad,55.4399980,13.8400000
loc_57901,Ystrad Mynach,51.6402778,-3.2433333
loc_108478,Yttermalung,60.5829700,13.8382000
loc_25125,Yutz,49.3557760,6.1928720
loc_17237,Yuzhno-Sakhalinsk,46.9489780,142.7261960
loc_29552,Yverdon-les-Bains,46.7786920,6.6414000
loc_30406,Yvetot,49.6193320,0.7582520
loc_25468,Yzeures-sur-Creuse,46.7856350,0.8698390
loc_3740,Zaandam,52.4351620,4.8445560
loc_4049,Zaanstad,52.4500000,4.8200000
loc_44872,Zabrze,50.3249280,18.7857180
loc_1460,Zachary,30.6483330,-91.1563890
loc_431,Zadar,44.1199980,15.2399990
loc_1793,Zagreb,45.7999990,15.9700000
loc_54378,Zagreb,45.8150053,15.9785014
loc_65703,Zahlé,33.8462558,35.9019519
loc_43766,Zakopane,49.2991810,19.9495620
loc_151746,Zaluch&#39;e,57.6696019,31.7447360
loc_30857,Zama,35.4888889,139.3886111
loc_4542,Zamość,50.7299990,23.2600000
loc_18329,Zandvoort,52.3660860,4.5751430
loc_118563,Zapata,26.9072605,-99.2714255
loc_5672,Zapopan,20.7199990,-103.4000010
loc_124689,Zaporizhia,47.8333330,35.1666670
loc_3760,Zaporozhye,47.8537480,35.1571390
loc_6232,Zaragoza,41.6563380,-0.8765790
loc_95271,Zavidovići,44.4417000,18.1474210
loc_45025,Zece Prăjini,46.9166670,27.2166670
loc_19819,Zella-Mehlis,50.6555150,10.6671990
loc_32164,Zelzate,51.1992640,3.8121620
loc_15299,Zenica,44.2000000,17.9099990
loc_115123,Zhitomir,50.2546500,28.6586670
loc_74576,Zhukovsky,55.5932502,38.1196097
loc_16322,Zhytomyr,50.2500000,28.6700000
loc_3832,Zielona Góra,51.9399980,15.4899990
loc_55910,Ziguinchor,12.5934210,-16.2845785
loc_1284,Zion,42.4461110,-87.8327780
loc_3987,Zoetermeer,52.0699990,4.4899990
loc_617,Zoeterwoude,52.1211410,4.4968080
loc_69310,Zrenjanin,45.3658100,20.4035800
loc_135984,Zuarungu,10.7833330,-0.8000000
loc_31945,Zug,47.1661920,8.5154140
loc_60334,Zvolen,48.5758623,19.1256291
loc_34594,Zweibrücken,49.2504760,7.3611900
loc_12178,Zwickau,50.7147570,12.4968530
loc_8743,Zwolle,52.5244710,6.0973050
loc_33012,Záhorská Ves,48.3814520,16.8494700
loc_7241,Zürich,47.3916270,8.5417140
loc_70943,Ząbkowice Śląskie,50.5893617,16.8132419
loc_28449,Älmhult,56.5514610,14.1385680
loc_108407,Åhus,55.9250391,14.2979949
loc_5793,Ålesund,62.4799990,6.1999990
loc_35280,Åre,63.3991640,13.0845010
loc_2714,Århus,56.1599990,10.2100000
loc_29346,Çemisgezek,39.0637000,38.9133000
loc_12515,Échirolles,45.1397970,5.7192370
loc_96776,Échirolles,45.1421510,5.7180340
loc_58192,Élancourt,48.7825352,1.9601125
loc_96763,Épinal,48.1724020,6.4494030
loc_47283,Épinay-sur-Orge,48.6719800,2.3243720
loc_15470,Épinay-sur-Seine,48.9532510,2.3126810
loc_52242,Étampes,48.4371141,2.1632170
loc_151535,Étréchy,47.1631000,2.7258000
loc_31118,Évreux,49.0245370,1.1511570
loc_16027,Évry,48.6247120,2.4308440
loc_89719,Évry-Courcouronnes,48.6178710,2.4070910
loc_48429,Îles de la Madeleine,47.4045740,-61.7979980
loc_14540,Ózd,48.2299990,20.2999990
loc_53377,Ölbronn-Dürrn,48.9814770,8.7505140
loc_22842,Örebro,59.2737790,15.2075130
loc_24469,Örnsköldsvik,63.2907120,18.7156030
loc_22831,Östersund,59.3188110,16.5662900
loc_48000,Úbeda,38.0080880,-3.3685190
loc_130492,Ústí nad Labem,50.6611110,14.0330560
loc_31038,Überlingen,47.7684030,9.1593310
loc_144582,Ādīs Ābeba,9.0300000,38.7400000
loc_91472,Čajniče,43.5643150,19.0888340
loc_54619,České Budějovice,48.9738700,14.4749458
loc_86124,Čtyři Dvory,49.5229566,16.3844391
loc_9490,Đà Nẵng,16.0699990,108.2099990
loc_1847,Łódź,51.7700000,19.4599990
loc_34828,Şanlıurfa,37.1598620,38.7922260
loc_78552,Šiauliai,55.9320758,23.3142194
loc_55527,Šibenik,43.7339940,15.8950680
loc_61511,Šumperk,49.9654901,16.9700535
loc_30612,Żyrardów,52.0552900,20.4558510
loc_41974,Żywiec,49.6913000,19.1823980
loc_102032,Лянтор,61.6228000,72.1445000
